id,person_id,bbox_x1,bbox_y1,bbox_x2,bbox_y2,confidence,created_at,updated_at,detection_time
3defdbbd-dc51-4f81-a463-9d2be5e56f95,person_1,90,220,163,372,"0.846780061721802",2025-10-16 02:36:32.086066,2025-10-16 02:36:32.086088,2025-10-16 02:36:32.083082
6f6cb0af-32c7-405f-9fef-1ef71e95af24,person_1,132,217,184,393,"0.835366368293762",2025-10-16 02:39:10.400572,2025-10-16 02:39:10.400589,2025-10-16 02:39:10.3971
8e13b3dc-6c44-4dec-a06c-3df6298c950c,person_1,127,236,216,414,"0.834438264369965",2025-10-16 02:39:09.254138,2025-10-16 02:39:09.254154,2025-10-16 02:39:09.250401
f22694f5-246f-4561-ad76-e83d951bb867,person_1,144,238,242,416,"0.750236809253693",2025-10-16 02:39:07.536257,2025-10-16 02:39:07.536271,2025-10-16 02:39:07.533154
"0e43b4bd-64f8-412e-9796-4ac60bd7eb1f",person_1,103,217,162,391,"0.561678051948547",2025-10-16 02:32:59.027944,2025-10-16 02:32:59.027991,2025-10-16 02:32:59.020609
7c044e68-549d-4bb7-9446-f60eff6d8cf4,person_1,149,237,224,419,"0.82140976190567",2025-10-16 02:39:05.943222,2025-10-16 02:39:05.943237,2025-10-16 02:39:05.939276
"034599f1-3ae8-47ae-ae46-e75ff2bf3719",person_1,132,235,221,414,"0.822433888912201",2025-10-16 02:39:04.270442,2025-10-16 02:39:04.270459,2025-10-16 02:39:04.266487
8728ca6b-45ed-4945-bcee-cf9c277b88f3,person_1,130,236,232,416,"0.883126080036163",2025-10-16 02:39:02.755595,2025-10-16 02:39:02.755614,2025-10-16 02:39:02.751621
3610339a-445e-4aa5-826a-e1ecbb2c397b,person_1,101,218,171,384,"0.816042542457581",2025-10-16 02:33:00.091535,2025-10-16 02:33:00.09155,2025-10-16 02:33:00.087514
ba35f476-c25e-4fa1-9a10-b868c67c1bef,person_1,128,238,232,415,"0.898245930671692",2025-10-16 02:39:01.241536,2025-10-16 02:39:01.241546,2025-10-16 02:39:01.238552
a0a89aae-f3c7-4aeb-957a-233879586d8a,person_1,128,238,230,416,"0.880502045154572",2025-10-16 02:38:59.684553,2025-10-16 02:38:59.684563,2025-10-16 02:38:59.681715
4a5cf934-66d0-4327-abbe-7af8bb8376af,person_1,126,237,232,416,"0.850454032421112",2025-10-16 02:38:58.195144,2025-10-16 02:38:58.195156,2025-10-16 02:38:58.191937
85157162-824f-4b1f-916c-1ccb0112f032,person_1,110,219,192,391,"0.874617695808411",2025-10-16 02:33:01.148254,2025-10-16 02:33:01.148269,2025-10-16 02:33:01.143788
71447204-f795-4883-b969-25d91f1fa894,person_1,134,236,232,416,"0.898889362812042",2025-10-16 02:38:56.005016,2025-10-16 02:38:56.005027,2025-10-16 02:38:56.001625
6fdb5b91-8805-4de4-b0d4-5b3f22d4d47d,person_1,136,237,232,416,"0.894171357154846",2025-10-16 02:38:54.442792,2025-10-16 02:38:54.442805,2025-10-16 02:38:54.438489
6c37fd8f-66a8-45a8-81e8-c88ff0b48f7e,person_1,103,217,181,386,"0.797043740749359",2025-10-16 02:33:02.280085,2025-10-16 02:33:02.280102,2025-10-16 02:33:02.274768
63ee9142-0072-4bf1-a843-a0ec250c2289,person_1,134,237,232,417,"0.875232934951782",2025-10-16 02:38:52.89897,2025-10-16 02:38:52.898981,2025-10-16 02:38:52.89517
d9bb3590-378a-4c54-84bd-1510ee51afce,person_1,135,237,234,416,"0.877740979194641",2025-10-16 02:38:51.400702,2025-10-16 02:38:51.40072,2025-10-16 02:38:51.396695
7ba43e7f-4fb6-4484-97e8-6f9e4568aa2f,person_1,113,221,194,392,"0.862138450145721",2025-10-16 02:33:03.429264,2025-10-16 02:33:03.429277,2025-10-16 02:33:03.424958
5babc9e8-6113-4679-99f6-fe39ec42fdf6,person_1,134,238,235,416,"0.897053062915802",2025-10-16 02:38:49.891283,2025-10-16 02:38:49.891298,2025-10-16 02:38:49.888009
48b525b4-9b91-434e-9ce0-5235c973f56a,person_1,135,236,235,416,"0.853410184383392",2025-10-16 02:38:47.665128,2025-10-16 02:38:47.665142,2025-10-16 02:38:47.66136
c178bd6b-12d3-499a-834e-cd86f9680c24,person_1,104,220,173,386,"0.856605112552643",2025-10-16 02:33:04.597606,2025-10-16 02:33:04.59762,2025-10-16 02:33:04.594008
757cd7ca-658d-4657-9c45-5b2406f049a5,person_1,133,238,198,369,"0.776360929012299",2025-10-16 02:38:46.01918,2025-10-16 02:38:46.01919,2025-10-16 02:38:46.015446
69cf4bd7-acfd-436b-b923-67b0230644d5,person_1,104,223,174,404,"0.814113140106201",2025-10-16 02:38:44.539476,2025-10-16 02:38:44.53949,2025-10-16 02:38:44.536182
ef9f8f85-b2dd-4396-8cc5-613653875dcb,person_1,106,218,172,388,"0.81661719083786",2025-10-16 02:33:05.772118,2025-10-16 02:33:05.772132,2025-10-16 02:33:05.768339
2bc1a997-4ba7-43b5-9e92-24e3611832e7,person_1,108,209,178,373,"0.813500046730042",2025-10-16 02:38:43.028503,2025-10-16 02:38:43.028513,2025-10-16 02:38:43.025115
cb7ba134-9b4d-48ac-b24b-a524fcd871ba,person_1,103,215,164,373,"0.69240266084671",2025-10-16 02:38:41.500445,2025-10-16 02:38:41.500457,2025-10-16 02:38:41.495979
61af7622-a098-4a45-88f6-0a336863bb4c,person_1,109,217,170,387,"0.845175087451935",2025-10-16 02:33:06.792428,2025-10-16 02:33:06.792449,2025-10-16 02:33:06.788487
964472de-e633-429d-9245-169115fda6ae,person_1,107,215,165,372,"0.837990641593933",2025-10-16 02:38:39.882649,2025-10-16 02:38:39.88266,2025-10-16 02:38:39.879047
18618c02-f448-46c5-8287-64a5641f9a33,person_1,109,215,165,372,"0.82797783613205",2025-10-16 02:38:37.61354,2025-10-16 02:38:37.61355,2025-10-16 02:38:37.609684
2da4183a-2981-4202-962f-e6911cc93859,person_1,106,213,167,374,"0.837606132030487",2025-10-16 02:38:36.039709,2025-10-16 02:38:36.039726,2025-10-16 02:38:36.035197
341bcef0-0cbe-42a9-8e22-b5a1240871b8,person_1,103,216,181,376,"0.672910213470459",2025-10-16 02:33:07.975255,2025-10-16 02:33:07.975269,2025-10-16 02:33:07.969986
991bfeec-1759-4a64-9eb7-5fbf374848f2,person_1,101,207,169,374,"0.861237645149231",2025-10-16 02:38:34.209381,2025-10-16 02:38:34.209407,2025-10-16 02:38:34.205362
"09933693-be28-48e1-b986-7060538e7d7e",person_1,101,217,167,379,"0.821482181549072",2025-10-16 02:33:09.04745,2025-10-16 02:33:09.047477,2025-10-16 02:33:09.044147
93cc69e7-b781-46a1-b477-4fa532dcc558,person_1,104,207,183,375,"0.870134294033051",2025-10-16 02:38:32.595054,2025-10-16 02:38:32.595067,2025-10-16 02:38:32.59047
c74478fb-da92-412f-b528-d436ce6516f7,person_1,97,219,171,374,"0.701738178730011",2025-10-16 02:33:10.054815,2025-10-16 02:33:10.054831,2025-10-16 02:33:10.051576
"0dc1e036-6cdd-4de7-b91a-8f46840b42f6",person_1,129,217,197,392,"0.806764185428619",2025-10-16 02:38:31.133725,2025-10-16 02:38:31.13374,2025-10-16 02:38:31.130122
4a4897b4-8ae0-4473-a504-a4571839ffa9,person_1,96,221,174,382,"0.877691328525543",2025-10-16 02:33:11.269892,2025-10-16 02:33:11.269907,2025-10-16 02:33:11.266456
e48bf64c-8668-41bf-b6b5-25f878940ed0,person_1,148,223,218,396,"0.827817618846893",2025-10-16 02:38:29.668749,2025-10-16 02:38:29.66878,2025-10-16 02:38:29.664715
b4728e07-1777-4015-8daf-d988292cb79c,person_1,154,223,220,399,"0.815413594245911",2025-10-16 02:38:28.219629,2025-10-16 02:38:28.219643,2025-10-16 02:38:28.21641
fecb6344-40ce-4a94-9ab1-2b44c506080d,person_1,94,220,169,381,"0.850991249084473",2025-10-16 02:33:12.436482,2025-10-16 02:33:12.436496,2025-10-16 02:33:12.43259
1b4eda81-fc55-4758-a11d-63f54ed5a657,person_1,143,253,232,417,"0.854703485965729",2025-10-16 02:34:58.979021,2025-10-16 02:34:58.979128,2025-10-16 02:34:58.97457
b26d435e-6de3-4763-8ef5-ec8bfe412ac4,person_1,125,223,185,397,"0.846087574958801",2025-10-16 02:35:07.364571,2025-10-16 02:35:07.364597,2025-10-16 02:35:07.357159
4e919cd3-f33a-4a40-b109-b78b106f1a4f,person_1,156,239,223,417,"0.831846117973328",2025-10-16 02:35:00.970131,2025-10-16 02:35:00.970142,2025-10-16 02:35:00.966581
2b90aeb5-f40d-456d-a1d0-903caccca95b,person_1,88,215,158,380,"0.849318385124207",2025-10-16 02:36:34.484419,2025-10-16 02:36:34.484434,2025-10-16 02:36:34.480978
c1902320-617d-4b50-8210-6e82c8ba2f82,person_1,150,234,250,418,"0.797752916812897",2025-10-16 02:35:02.985442,2025-10-16 02:35:02.985454,2025-10-16 02:35:02.980722
f159cecb-6d5a-4460-9540-ffd92b0d48a2,person_1,88,217,160,381,"0.865969836711884",2025-10-16 02:36:33.306029,2025-10-16 02:36:33.306043,2025-10-16 02:36:33.302728
b5a06857-6185-467e-8571-a6bfc2c00250,person_1,156,236,224,418,"0.75690633058548",2025-10-16 02:35:04.955579,2025-10-16 02:35:04.955593,2025-10-16 02:35:04.952098
bcf0f023-9c7b-4290-97e7-23d97d48f6ba,person_1,144,233,209,418,"0.761009812355042",2025-10-16 02:35:05.964951,2025-10-16 02:35:05.964967,2025-10-16 02:35:05.961144
4b77d449-7f3f-4082-83e1-3994ecdf0295,person_1,154,222,221,398,"0.852509379386902",2025-10-16 02:38:26.791797,2025-10-16 02:38:26.79181,2025-10-16 02:38:26.78862
e9b6c3ff-6aca-471e-aa4c-f37fb79fce5c,person_1,145,226,218,398,"0.833786606788635",2025-10-16 02:38:24.606985,2025-10-16 02:38:24.606995,2025-10-16 02:38:24.603822
90ed69bb-5442-4cdc-9feb-b93aa5274f54,person_1,97,219,167,379,"0.880341708660126",2025-10-16 02:33:13.637404,2025-10-16 02:33:13.637417,2025-10-16 02:33:13.633388
605d271a-461c-412c-a431-91ced7a8a149,person_1,138,225,219,394,"0.826487600803375",2025-10-16 02:38:22.414203,2025-10-16 02:38:22.414215,2025-10-16 02:38:22.410508
"0f59b404-44e9-4a69-bc0d-9da7ccf15bce",person_1,110,220,160,339,"0.715564906597137",2025-10-16 02:33:14.84494,2025-10-16 02:33:14.844972,2025-10-16 02:33:14.84135
5fb6cb3d-2cbf-4383-9b99-cf59e018642e,person_1,153,221,215,395,"0.849782288074493",2025-10-16 02:38:21.001817,2025-10-16 02:38:21.001828,2025-10-16 02:38:20.998917
712865bd-5d37-4a3e-ac1c-61accd30db87,person_1,109,227,173,392,"0.63513845205307",2025-10-16 02:33:15.902112,2025-10-16 02:33:15.902128,2025-10-16 02:33:15.898429
dc6c4c54-9133-411b-8bca-fc6d6aeb6874,person_1,147,220,222,395,"0.799597799777985",2025-10-16 02:38:18.816348,2025-10-16 02:38:18.816362,2025-10-16 02:38:18.813139
179dd955-a7d9-4b89-8885-675e846296b9,person_1,88,209,148,369,"0.84058552980423",2025-10-16 02:36:24.453549,2025-10-16 02:36:24.453628,2025-10-16 02:36:24.449153
267502c7-9162-443b-b65f-11126b0a9cac,person_1,110,230,175,398,"0.517874121665955",2025-10-16 02:33:17.129154,2025-10-16 02:33:17.129185,2025-10-16 02:33:17.125029
"0ca4d16e-4cc8-4570-b83c-9a41117b4352",person_1,88,210,152,315,"0.6019526720047",2025-10-16 02:36:22.873628,2025-10-16 02:36:22.873643,2025-10-16 02:36:22.868881
8cb2baf6-3718-4a1d-ba5e-c5e38baa1d14,person_1,88,210,153,372,"0.539745032787323",2025-10-16 02:36:21.601009,2025-10-16 02:36:21.601021,2025-10-16 02:36:21.596521
83215c2b-fbcd-476a-9fed-013e8cfa45b4,person_1,149,221,217,397,"0.846726357936859",2025-10-16 02:38:16.781013,2025-10-16 02:38:16.78108,2025-10-16 02:38:16.777236
befa7663-1c79-44a0-b27f-2181a9c7c4d3,person_1,107,230,166,353,"0.621095895767212",2025-10-16 02:33:18.401294,2025-10-16 02:33:18.401305,2025-10-16 02:33:18.397668
7ee6f4bd-1649-49ef-b3f8-5ba6843b47c7,person_1,164,222,231,393,"0.852204978466034",2025-10-16 02:38:14.680269,2025-10-16 02:38:14.680285,2025-10-16 02:38:14.676992
af00afa7-aaeb-4c98-89c5-d4af90db9997,person_1,88,209,149,372,"0.828033745288849",2025-10-16 02:36:20.517683,2025-10-16 02:36:20.517695,2025-10-16 02:36:20.513052
3417f7cc-30b7-4a25-8240-1f76f0c55d85,person_1,89,210,149,372,"0.681983888149261",2025-10-16 02:36:19.403095,2025-10-16 02:36:19.403105,2025-10-16 02:36:19.399091
22120289-ef85-4524-a857-4935422cc1c9,person_1,86,224,169,399,"0.743444859981537",2025-10-16 02:33:19.436458,2025-10-16 02:33:19.436469,2025-10-16 02:33:19.432877
"0d6951f0-a322-4422-bebc-597ee1d58931",person_1,164,222,228,393,"0.860741019248962",2025-10-16 02:38:13.254177,2025-10-16 02:38:13.25419,2025-10-16 02:38:13.248474
2c4b8fc2-d455-451e-a130-a872c4d7fa20,person_1,89,208,149,372,"0.790308654308319",2025-10-16 02:36:18.278577,2025-10-16 02:36:18.2786,2025-10-16 02:36:18.274065
95e33fa0-9d86-4113-9986-5e6033c57cd7,person_1,80,224,144,399,"0.745675444602966",2025-10-16 02:33:20.563851,2025-10-16 02:33:20.563865,2025-10-16 02:33:20.560724
4d05cc4f-b97b-40bb-a622-b352297e1eac,person_1,79,224,145,400,"0.521728932857513",2025-10-16 02:33:21.604666,2025-10-16 02:33:21.604682,2025-10-16 02:33:21.600354
705e23de-f645-40ed-9dda-223651d51707,person_1,148,225,216,394,"0.835370361804962",2025-10-16 02:38:11.66321,2025-10-16 02:38:11.663222,2025-10-16 02:38:11.66005
afd1bef2-219b-41b1-b69b-18a24bff6dc6,person_1,90,208,148,373,"0.753434360027313",2025-10-16 02:36:17.197349,2025-10-16 02:36:17.197362,2025-10-16 02:36:17.192466
2c29bf9a-c8ba-4a26-a7ea-eaa79bd5596a,person_1,135,226,220,393,"0.805271565914154",2025-10-16 02:38:10.280291,2025-10-16 02:38:10.280313,2025-10-16 02:38:10.273651
5cf4291f-f854-437f-8829-7571e7c0db79,person_1,139,227,220,394,"0.842418491840363",2025-10-16 02:38:08.006389,2025-10-16 02:38:08.006404,2025-10-16 02:38:08.002321
a877761c-8aad-4384-80aa-53ffc043b739,person_1,136,225,211,394,"0.822907984256744",2025-10-16 02:38:06.97741,2025-10-16 02:38:06.977424,2025-10-16 02:38:06.974156
2037370d-9d73-49ab-80d8-281d0cf55a7f,person_1,136,228,219,393,"0.82513564825058",2025-10-16 02:38:05.003916,2025-10-16 02:38:05.00393,2025-10-16 02:38:04.999957
7ffb5262-a33f-45ef-9350-2cd4f3fa6ff9,person_1,134,226,216,393,"0.807496011257172",2025-10-16 02:38:03.99705,2025-10-16 02:38:03.997064,2025-10-16 02:38:03.993558
94dd7f90-0a1f-47f2-ab4a-687686d85f20,person_1,72,226,147,400,"0.773193359375",2025-10-16 02:33:22.79118,2025-10-16 02:33:22.791191,2025-10-16 02:33:22.786994
42e76b70-1b19-440b-91d6-fa73090e98d6,person_1,144,225,226,394,"0.869594693183899",2025-10-16 02:38:01.072308,2025-10-16 02:38:01.072379,2025-10-16 02:38:01.06765
b2cfa4ae-8c27-465e-9641-adc03e6f5fa9,person_1,155,223,220,400,"0.875258982181549",2025-10-16 02:37:59.985347,2025-10-16 02:37:59.985358,2025-10-16 02:37:59.981912
fe1da704-ba96-4196-8b3b-5e855ffdd89e,person_1,139,223,226,401,"0.882813692092896",2025-10-16 02:37:57.990105,2025-10-16 02:37:57.990127,2025-10-16 02:37:57.986593
"0f74ecc4-c329-4844-a683-bdf43a8a8e14",person_1,140,234,208,397,"0.862272560596466",2025-10-16 02:37:56.098397,2025-10-16 02:37:56.098411,2025-10-16 02:37:56.094637
5c6175b0-f5fb-4aa2-afb8-856fb987d743,person_1,139,236,208,406,"0.851292371749878",2025-10-16 02:37:54.445145,2025-10-16 02:37:54.445163,2025-10-16 02:37:54.441681
78bb7bfa-a555-4424-99df-caf79f60e13d,person_1,140,235,209,404,"0.800949811935425",2025-10-16 02:37:52.661842,2025-10-16 02:37:52.661859,2025-10-16 02:37:52.657281
fa3a828b-f099-4347-bbe0-0e9745fb62cf,person_1,71,227,143,399,"0.577510118484497",2025-10-16 02:33:24.130736,2025-10-16 02:33:24.130755,2025-10-16 02:33:24.126192
d4a23a95-c247-45a4-a0fe-ab7bad96ef2b,person_1,140,234,209,407,"0.84274822473526",2025-10-16 02:37:51.227144,2025-10-16 02:37:51.227157,2025-10-16 02:37:51.223975
fbaa1c68-17ad-4d6d-9645-67a8e717c0c0,person_1,141,234,209,407,"0.854055643081665",2025-10-16 02:37:49.776777,2025-10-16 02:37:49.776788,2025-10-16 02:37:49.773274
a48b208e-b942-4420-85ed-aae411933ead,person_1,140,234,208,406,"0.860174357891083",2025-10-16 02:37:48.306908,2025-10-16 02:37:48.306922,2025-10-16 02:37:48.303775
87791349-2e2c-4dc9-8bd9-c179c542a56f,person_1,140,233,210,403,"0.804298937320709",2025-10-16 02:37:46.890514,2025-10-16 02:37:46.890525,2025-10-16 02:37:46.886485
7f1ddd34-c882-48b5-a2a1-ee68777a0b3b,person_1,74,227,147,399,"0.756617367267609",2025-10-16 02:33:25.183574,2025-10-16 02:33:25.183591,2025-10-16 02:33:25.178829
bf053836-c36b-4f50-a436-6f7f0d2250ea,person_1,120,234,205,415,"0.840106844902039",2025-10-16 02:37:45.486284,2025-10-16 02:37:45.486312,2025-10-16 02:37:45.482049
c45fe4bd-4ed7-425c-bc3e-e5907b7d0003,person_1,108,238,208,409,"0.890710294246674",2025-10-16 02:37:44.151162,2025-10-16 02:37:44.151181,2025-10-16 02:37:44.147081
8c3ad4a5-b5f6-4b08-9ea1-4c30eb515c2b,person_1,105,240,205,408,"0.860054075717926",2025-10-16 02:37:42.038184,2025-10-16 02:37:42.038209,2025-10-16 02:37:42.034667
3a9ba9b4-3716-4e02-8a51-0eeab7eac319,person_1,104,237,205,410,"0.821292519569397",2025-10-16 02:37:40.733498,2025-10-16 02:37:40.733508,2025-10-16 02:37:40.73023
9b08a82e-e011-45d7-93fd-9f4324c66338,person_1,78,226,143,399,"0.640705287456512",2025-10-16 02:33:26.484908,2025-10-16 02:33:26.484922,2025-10-16 02:33:26.479588
"0542813b-34ce-4dfd-bc19-a41511598859",person_1,102,239,205,413,"0.838447690010071",2025-10-16 02:37:39.409247,2025-10-16 02:37:39.409258,2025-10-16 02:37:39.406449
14a194a0-a17f-4a69-b2c4-6d4d4609fa9c,person_1,104,241,205,410,"0.85203754901886",2025-10-16 02:37:37.459599,2025-10-16 02:37:37.459613,2025-10-16 02:37:37.455123
bf94f447-63f7-45ac-bc8d-0b3c48084cec,person_1,109,243,193,417,"0.741427302360535",2025-10-16 02:37:35.414128,2025-10-16 02:37:35.41414,2025-10-16 02:37:35.410927
2e3b4f3a-567f-42f7-83a7-49540a4baeea,person_1,125,257,228,417,"0.751175343990326",2025-10-16 02:37:34.154277,2025-10-16 02:37:34.154289,2025-10-16 02:37:34.151074
41e29acc-49ec-4340-993a-5c2a81a55308,person_1,124,260,228,416,"0.759704887866974",2025-10-16 02:37:31.994007,2025-10-16 02:37:31.994023,2025-10-16 02:37:31.990386
b4a31dc8-a22f-47e4-865e-7b5ee22ff245,person_1,125,258,225,416,"0.857828617095947",2025-10-16 02:37:30.974517,2025-10-16 02:37:30.974533,2025-10-16 02:37:30.969638
17f0e117-4fad-4ec1-bdd4-33321de19958,person_1,123,258,225,415,"0.761536657810211",2025-10-16 02:37:29.955916,2025-10-16 02:37:29.95594,2025-10-16 02:37:29.950697
25eb341d-7137-4f07-b22f-21406dba5471,person_1,75,226,139,344,"0.64997798204422",2025-10-16 02:33:27.747623,2025-10-16 02:33:27.747642,2025-10-16 02:33:27.743829
fa8acc0d-3c13-40f3-93b2-804f47faebbf,person_1,124,255,198,415,"0.729244768619537",2025-10-16 02:37:27.95481,2025-10-16 02:37:27.954822,2025-10-16 02:37:27.950338
c8fa070e-aacf-4a13-a93f-b24a60317492,person_1,105,257,182,386,"0.526911199092865",2025-10-16 02:37:25.978471,2025-10-16 02:37:25.978489,2025-10-16 02:37:25.97408
f216f222-6765-450f-8f98-3f0fdec81097,person_1,90,210,148,372,"0.811424911022186",2025-10-16 02:36:16.092888,2025-10-16 02:36:16.092902,2025-10-16 02:36:16.088562
64822640-c33b-440a-834a-81079cf863e2,person_1,94,259,166,393,"0.805824339389801",2025-10-16 02:37:24.961283,2025-10-16 02:37:24.9613,2025-10-16 02:37:24.956231
ce474b8e-10d8-4fe7-98e5-1130f4b43dd7,person_1,92,207,149,372,"0.800867259502411",2025-10-16 02:36:14.995232,2025-10-16 02:36:14.995246,2025-10-16 02:36:14.992057
a46594f7-0ac3-4c57-b0c2-824ce99af6fc,person_1,125,252,188,389,"0.737957894802094",2025-10-16 02:37:23.948427,2025-10-16 02:37:23.948439,2025-10-16 02:37:23.945076
bd743ded-ea74-4747-b78c-36730f84dff6,person_1,75,227,132,345,"0.504375994205475",2025-10-16 02:33:28.978162,2025-10-16 02:33:28.978177,2025-10-16 02:33:28.974009
c275979f-b0dc-4819-b00a-7ab96c1552cd,person_1,91,209,148,372,"0.87690532207489",2025-10-16 02:36:13.826422,2025-10-16 02:36:13.826432,2025-10-16 02:36:13.823101
73fbbaac-3b7b-4cbb-81b3-413d459b440a,person_1,119,255,191,417,"0.645961761474609",2025-10-16 02:37:21.993474,2025-10-16 02:37:21.993488,2025-10-16 02:37:21.989571
f3ce38a9-4724-4f67-a201-15464714c6a9,person_1,91,208,148,372,"0.784565448760986",2025-10-16 02:36:12.626893,2025-10-16 02:36:12.626909,2025-10-16 02:36:12.623245
3d2b80b3-2992-48fc-995a-baa60d6d733d,person_1,72,224,149,400,"0.792762577533722",2025-10-16 02:33:30.480981,2025-10-16 02:33:30.480998,2025-10-16 02:33:30.477318
"06f1eaf1-1b74-4872-ba57-e60cd5a34cdc",person_1,118,231,183,415,"0.650541603565216",2025-10-16 02:37:20.324385,2025-10-16 02:37:20.324399,2025-10-16 02:37:20.320182
469e9691-a5a3-4443-a372-6b38509db09c,person_1,89,208,148,372,"0.888768136501312",2025-10-16 02:36:11.543157,2025-10-16 02:36:11.543172,2025-10-16 02:36:11.539543
aad84ee8-f74a-49e8-9cba-07b4283eb7f4,person_1,100,242,203,417,"0.791027247905731",2025-10-16 02:37:17.826613,2025-10-16 02:37:17.826628,2025-10-16 02:37:17.822854
dd60e796-d5fd-40e2-8a7c-d1c45803d365,person_1,93,249,194,411,"0.874350249767303",2025-10-16 02:37:16.516265,2025-10-16 02:37:16.51628,2025-10-16 02:37:16.512391
3245c9ba-c3d3-4035-8482-48ee0eda9ba6,person_1,74,224,160,402,"0.827029049396515",2025-10-16 02:33:32.110326,2025-10-16 02:33:32.110343,2025-10-16 02:33:32.106739
"015d5496-f389-4b8b-892a-5be9064748f5",person_1,93,209,151,380,"0.69500607252121",2025-10-16 02:36:10.46775,2025-10-16 02:36:10.467769,2025-10-16 02:36:10.464317
3ae31db3-88e7-4650-a236-9b9fe90b60d1,person_1,94,246,193,416,"0.85547149181366",2025-10-16 02:37:15.086074,2025-10-16 02:37:15.086088,2025-10-16 02:37:15.081973
376164a6-a073-46d1-9745-0fb46b2295f6,person_1,95,218,193,379,"0.794619560241699",2025-10-16 02:36:08.627192,2025-10-16 02:36:08.627205,2025-10-16 02:36:08.623141
d750e936-c3b1-4c0e-a50e-d29879a42430,person_1,74,224,159,401,"0.858776926994324",2025-10-16 02:33:33.1629,2025-10-16 02:33:33.162916,2025-10-16 02:33:33.159627
"03d91eaa-bfcd-40a4-ade7-7328a8dc3b10",person_1,76,227,162,392,"0.818072140216827",2025-10-16 02:32:57.911559,2025-10-16 02:32:57.911585,2025-10-16 02:32:57.905843
c08e2e61-f779-454c-a602-5611b5a5b209,person_1,95,247,192,414,"0.863074004650116",2025-10-16 02:37:13.823156,2025-10-16 02:37:13.823167,2025-10-16 02:37:13.820304
306e4864-0c29-49bf-ae9c-91e71fe983e7,person_1,100,217,193,379,"0.776535093784332",2025-10-16 02:36:07.437301,2025-10-16 02:36:07.437311,2025-10-16 02:36:07.434754
10c1ed76-db70-4b59-8dac-510d1c7c706c,person_1,85,214,169,381,"0.701781392097473",2025-10-16 02:36:05.807291,2025-10-16 02:36:05.807304,2025-10-16 02:36:05.804116
83614c91-2131-4336-9c03-9e6b498520de,person_1,72,224,160,400,"0.839510262012482",2025-10-16 02:33:34.598497,2025-10-16 02:33:34.598509,2025-10-16 02:33:34.594569
f95af23e-3c53-450e-8e00-1f4597ac7d2e,person_1,109,211,174,382,"0.822428345680237",2025-10-16 02:36:04.646362,2025-10-16 02:36:04.646374,2025-10-16 02:36:04.643372
"01417a5a-b48a-4a2e-8f70-7dfc7e6d9dad",person_1,94,249,190,410,"0.867819607257843",2025-10-16 02:37:11.816216,2025-10-16 02:37:11.816227,2025-10-16 02:37:11.812258
"0fd1bbe7-61ee-4d51-a471-99b6ff2ededc",person_1,105,211,176,380,"0.845142126083374",2025-10-16 02:36:03.568642,2025-10-16 02:36:03.568653,2025-10-16 02:36:03.564963
3c981a90-3018-4a29-8802-23b954e0f4f9,person_1,73,227,142,391,"0.774701595306396",2025-10-16 02:33:36.076017,2025-10-16 02:33:36.076061,2025-10-16 02:33:36.072075
7ffd921c-23c7-45b5-b81a-c6e6bb0b32af,person_1,107,212,173,376,"0.847151696681976",2025-10-16 02:36:02.504927,2025-10-16 02:36:02.504937,2025-10-16 02:36:02.502053
f6470356-97bd-427a-a1c3-d7c01e85fbd2,person_1,101,211,176,383,"0.799220681190491",2025-10-16 02:36:01.290731,2025-10-16 02:36:01.290746,2025-10-16 02:36:01.286129
c6f3ec91-92ec-4b92-be6d-afa34c86915c,person_1,85,250,190,413,"0.85271942615509",2025-10-16 02:37:10.581164,2025-10-16 02:37:10.581183,2025-10-16 02:37:10.576766
8d3972c7-a204-4233-8b18-cd7e557b8347,person_1,72,225,160,402,"0.841213345527649",2025-10-16 02:33:37.548791,2025-10-16 02:33:37.548895,2025-10-16 02:33:37.544812
eb83c410-1e83-4516-8c63-1efddaaf9842,person_1,102,210,177,383,"0.529738485813141",2025-10-16 02:36:00.20385,2025-10-16 02:36:00.203871,2025-10-16 02:36:00.201033
381d58b4-31e8-4c06-9cdb-85be3b22f52a,person_1,82,227,143,344,"0.692363262176514",2025-10-16 02:33:39.009572,2025-10-16 02:33:39.009588,2025-10-16 02:33:39.006375
55a617ea-bc9e-414d-b22e-347b3be2ab4a,person_1,107,210,175,383,"0.708740651607513",2025-10-16 02:35:59.143805,2025-10-16 02:35:59.143815,2025-10-16 02:35:59.1407
3ecf47bd-c28a-49a9-9aaa-915c1f0a35e0,person_1,90,230,157,346,"0.756920874118805",2025-10-16 02:33:40.631805,2025-10-16 02:33:40.631816,2025-10-16 02:33:40.628486
5b2b3ff7-249a-493b-9105-b60c6ba8a2a2,person_1,83,249,190,415,"0.842772722244263",2025-10-16 02:37:09.309944,2025-10-16 02:37:09.309959,2025-10-16 02:37:09.306651
b820dba9-66b3-483c-bd16-3100db33def4,person_1,90,231,167,395,"0.832124829292297",2025-10-16 02:33:41.966011,2025-10-16 02:33:41.966026,2025-10-16 02:33:41.962396
fe0a1caf-c11f-4f5e-92c8-a4669476fe55,person_1,90,230,169,394,"0.715450286865234",2025-10-16 02:33:42.97112,2025-10-16 02:33:42.971139,2025-10-16 02:33:42.967619
6ccb00d7-0077-4a3f-8e03-62b8658308ec,person_1,105,219,176,388,"0.891298651695251",2025-10-16 02:35:58.010785,2025-10-16 02:35:58.010807,2025-10-16 02:35:58.007521
ba5f764d-350a-4f12-be31-cf97edd08bd6,person_1,89,230,166,393,"0.579908013343811",2025-10-16 02:33:44.953292,2025-10-16 02:33:44.953304,2025-10-16 02:33:44.949856
a3f566f1-3cbe-4513-aabe-3a887d595a0d,person_1,103,217,169,386,"0.834802389144897",2025-10-16 02:35:56.988091,2025-10-16 02:35:56.988107,2025-10-16 02:35:56.984787
adb32322-394d-492b-886a-878ae3e1b19c,person_1,89,230,165,397,"0.851780891418457",2025-10-16 02:33:45.986876,2025-10-16 02:33:45.986891,2025-10-16 02:33:45.983069
7cc0c3fc-af51-4aba-ba62-233314822958,person_1,102,216,169,386,"0.800737202167511",2025-10-16 02:35:55.959347,2025-10-16 02:35:55.959358,2025-10-16 02:35:55.956033
dd342e49-cc4d-4a89-a405-319b6ef8c717,person_1,93,215,184,376,"0.82583224773407",2025-10-16 02:33:47.957505,2025-10-16 02:33:47.957515,2025-10-16 02:33:47.954108
a1abc283-ac58-4e00-9e46-3f44e4729cca,person_1,95,248,189,414,"0.789833009243011",2025-10-16 02:37:07.958782,2025-10-16 02:37:07.958797,2025-10-16 02:37:07.955232
746727e6-69f6-4e60-9046-7bfbfc0db2ea,person_1,95,215,183,375,"0.855729877948761",2025-10-16 02:33:48.961395,2025-10-16 02:33:48.961412,2025-10-16 02:33:48.957446
f0450634-20ac-479d-83d3-e4c820480d7a,person_1,102,216,172,387,"0.764289319515228",2025-10-16 02:35:54.407994,2025-10-16 02:35:54.408008,2025-10-16 02:35:54.404396
8732f905-1ed1-4290-a231-1e68591c1f6b,person_1,94,215,183,375,"0.868719279766083",2025-10-16 02:33:49.971563,2025-10-16 02:33:49.971579,2025-10-16 02:33:49.967002
d9263575-d83b-419b-82b9-c68f659e9d9c,person_1,94,250,182,419,"0.84626978635788",2025-10-16 02:37:06.696255,2025-10-16 02:37:06.696268,2025-10-16 02:37:06.693325
cc4a7877-fde8-4b16-a6de-e3eda39714c1,person_1,102,215,172,386,"0.62855988740921",2025-10-16 02:35:52.866797,2025-10-16 02:35:52.86681,2025-10-16 02:35:52.861444
333a77f0-116c-4532-a135-2d0ba7c44b2b,person_1,93,215,183,375,"0.861673772335052",2025-10-16 02:33:52.956042,2025-10-16 02:33:52.956054,2025-10-16 02:33:52.95209
bdd317b2-db06-47ba-9448-d3f1e69dc17f,person_1,100,215,178,387,"0.690705060958862",2025-10-16 02:35:51.187951,2025-10-16 02:35:51.187961,2025-10-16 02:35:51.182862
5e263c8c-aac1-4c67-94af-f76ad5208530,person_1,93,215,184,376,"0.859138548374176",2025-10-16 02:33:53.960962,2025-10-16 02:33:53.96098,2025-10-16 02:33:53.957267
aacaa1ec-3e3d-4223-bc1a-c09fa1d812a9,person_1,106,255,180,418,"0.868744492530823",2025-10-16 02:37:05.453699,2025-10-16 02:37:05.45371,2025-10-16 02:37:05.449128
82700efa-428c-4037-aaf8-076d7466da79,person_1,115,213,178,374,"0.805834949016571",2025-10-16 02:33:54.967059,2025-10-16 02:33:54.967073,2025-10-16 02:33:54.963654
767ea82a-5625-49d0-b5a9-39d0b53b8891,person_1,100,216,175,386,"0.746814787387848",2025-10-16 02:35:50.044773,2025-10-16 02:35:50.044799,2025-10-16 02:35:50.038916
bfa26966-3ddb-426f-b4ef-7b8fec117ff1,person_1,99,217,182,388,"0.733727633953094",2025-10-16 02:35:48.880905,2025-10-16 02:35:48.880922,2025-10-16 02:35:48.876555
758fd57f-071e-44cd-9d19-c36475572087,person_1,123,206,179,372,"0.671702444553375",2025-10-16 02:33:58.958239,2025-10-16 02:33:58.958252,2025-10-16 02:33:58.955414
c99ed864-91f5-4652-bf7d-692cc94a41d3,person_1,104,254,178,417,"0.817318022251129",2025-10-16 02:37:04.198088,2025-10-16 02:37:04.198112,2025-10-16 02:37:04.192401
1f96b519-5473-40e3-9063-bad30c6de72c,person_1,102,206,180,373,"0.796971023082733",2025-10-16 02:34:00.966454,2025-10-16 02:34:00.966465,2025-10-16 02:34:00.963655
70474add-67b2-4f25-91ac-e91d991d34e4,person_1,104,215,179,387,"0.554564356803894",2025-10-16 02:35:47.668332,2025-10-16 02:35:47.668357,2025-10-16 02:35:47.664077
cba2d3ea-4e1f-4878-8265-cff72eb1a80d,person_1,119,208,181,371,"0.855847060680389",2025-10-16 02:34:02.960945,2025-10-16 02:34:02.960959,2025-10-16 02:34:02.957555
6403a866-5183-4021-92e8-a0d9ee26d76e,person_1,104,219,169,387,"0.810583651065826",2025-10-16 02:35:46.566228,2025-10-16 02:35:46.566278,2025-10-16 02:35:46.559425
d2b2c16d-b238-4e33-a687-a735f549c6e3,person_1,117,209,182,373,"0.860449194908142",2025-10-16 02:34:04.005179,2025-10-16 02:34:04.00519,2025-10-16 02:34:04.001928
eb2a88e4-1211-473f-9006-8d00ca09b51b,person_1,106,256,172,392,"0.679162800312042",2025-10-16 02:37:02.975115,2025-10-16 02:37:02.975138,2025-10-16 02:37:02.971551
e2f9d83c-6d68-46e2-9d4d-8f0bcff5ae45,person_1,148,208,205,374,"0.79929506778717",2025-10-16 02:34:05.486078,2025-10-16 02:34:05.486093,2025-10-16 02:34:05.48278
caecfba1-9d91-481e-828c-b4da637ca7a9,person_1,94,215,170,390,"0.7586949467659",2025-10-16 02:35:45.42737,2025-10-16 02:35:45.427387,2025-10-16 02:35:45.422547
3555e27c-35ea-450c-9aa4-26ef0f983db3,person_1,136,211,202,378,"0.866637468338013",2025-10-16 02:34:06.551203,2025-10-16 02:34:06.551215,2025-10-16 02:34:06.547335
86d403cd-00bc-4940-ba67-3aebcae39da8,person_1,134,213,202,376,"0.848225057125092",2025-10-16 02:34:07.582849,2025-10-16 02:34:07.582905,2025-10-16 02:34:07.579379
e8525cb5-7446-4e5b-87b6-c819697747c2,person_1,104,257,180,416,"0.834542572498322",2025-10-16 02:37:01.680096,2025-10-16 02:37:01.680114,2025-10-16 02:37:01.675764
d14cd530-648d-4516-8589-231bbc7df489,person_1,138,213,201,377,"0.850141525268555",2025-10-16 02:34:08.649174,2025-10-16 02:34:08.649188,2025-10-16 02:34:08.645283
31b234c8-05d3-40e2-88a1-7ea82d980eb4,person_1,94,215,171,390,"0.865787744522095",2025-10-16 02:35:44.241282,2025-10-16 02:35:44.241302,2025-10-16 02:35:44.235049
6822b49b-05c6-428a-9c44-e7b14c38fbb5,person_1,126,214,197,379,"0.758404433727264",2025-10-16 02:34:09.857292,2025-10-16 02:34:09.857307,2025-10-16 02:34:09.852403
8c8f1bf4-a9a6-43dc-b078-63ce4026ef8c,person_1,94,216,170,390,"0.858967006206512",2025-10-16 02:35:43.06284,2025-10-16 02:35:43.062858,2025-10-16 02:35:43.058374
c0e4f755-1777-47ba-8c81-35a6b0b565f3,person_1,135,215,198,378,"0.767006456851959",2025-10-16 02:34:11.267935,2025-10-16 02:34:11.267947,2025-10-16 02:34:11.264802
83f7d57b-97fe-4ac0-9ceb-967ecd68c4df,person_1,131,215,198,375,"0.709563076496124",2025-10-16 02:34:12.636545,2025-10-16 02:34:12.636561,2025-10-16 02:34:12.633689
153eb63e-2881-4db9-a660-9f808564cd3a,person_1,101,256,179,416,"0.83241879940033",2025-10-16 02:36:59.803388,2025-10-16 02:36:59.803399,2025-10-16 02:36:59.799486
80db67cc-1ed5-4792-9f17-94d9a71c4242,person_1,145,208,203,374,"0.812053620815277",2025-10-16 02:34:13.776328,2025-10-16 02:34:13.776348,2025-10-16 02:34:13.77355
165b12aa-0654-4567-bcab-7e8fc2fd0b69,person_1,95,214,170,390,"0.803139865398407",2025-10-16 02:35:41.829737,2025-10-16 02:35:41.829748,2025-10-16 02:35:41.826303
2273b63b-5dc2-4529-955c-7590bd6ff61b,person_1,139,211,200,374,"0.853811383247375",2025-10-16 02:34:15.240539,2025-10-16 02:34:15.240556,2025-10-16 02:34:15.235667
d0ecf24e-4a4c-4d9f-9dda-86ce1b994166,person_1,95,214,171,390,"0.829678475856781",2025-10-16 02:35:40.651934,2025-10-16 02:35:40.651946,2025-10-16 02:35:40.648889
9bb0ca15-7e76-4eb6-8b0b-b5676d11e9d6,person_1,98,213,169,389,"0.673260867595673",2025-10-16 02:35:39.637782,2025-10-16 02:35:39.637799,2025-10-16 02:35:39.634949
9b22a92d-c105-429e-bf4e-139f0d738727,person_1,139,213,201,375,"0.866564273834229",2025-10-16 02:34:17.060585,2025-10-16 02:34:17.060597,2025-10-16 02:34:17.057319
76ed68b5-8ed5-4876-b608-3ecce8919ecd,person_1,100,254,181,417,"0.811589121818542",2025-10-16 02:36:58.546676,2025-10-16 02:36:58.546691,2025-10-16 02:36:58.542533
c4592452-cb26-4628-9a93-0931956936fc,person_1,140,212,203,374,"0.76683896780014",2025-10-16 02:34:18.81871,2025-10-16 02:34:18.818725,2025-10-16 02:34:18.815507
bf83694f-d6d3-405f-a6ea-7dafbebfe894,person_1,97,212,169,388,"0.817744016647339",2025-10-16 02:35:37.678774,2025-10-16 02:35:37.678796,2025-10-16 02:35:37.675273
716a18d5-752a-475e-8696-7ea58ab8187d,person_1,150,224,209,392,"0.843282222747803",2025-10-16 02:34:20.328276,2025-10-16 02:34:20.328287,2025-10-16 02:34:20.325393
4841b907-552e-4391-8031-0a5df741a244,person_1,127,234,206,415,"0.758976936340332",2025-10-16 02:34:21.426083,2025-10-16 02:34:21.42611,2025-10-16 02:34:21.422526
1596c15a-0f1f-467c-9d2f-3af15c9d91fe,person_1,96,214,154,379,"0.810312509536743",2025-10-16 02:35:36.056365,2025-10-16 02:35:36.056388,2025-10-16 02:35:36.052553
d841068d-d7c1-4d52-9a01-63c7ff43417e,person_1,129,253,207,379,"0.710603177547455",2025-10-16 02:34:22.592835,2025-10-16 02:34:22.592851,2025-10-16 02:34:22.58908
4e739540-6493-4ce3-a437-f570633ed6d1,person_1,96,224,159,386,"0.759253740310669",2025-10-16 02:35:34.204114,2025-10-16 02:35:34.204134,2025-10-16 02:35:34.199272
d4bedb14-2df5-43ca-836d-45808a481280,person_1,98,255,181,417,"0.829327404499054",2025-10-16 02:36:57.339998,2025-10-16 02:36:57.340009,2025-10-16 02:36:57.336311
d043b110-a546-4ad0-bbfc-4371fed8b49f,person_1,176,248,245,419,"0.847152531147003",2025-10-16 02:34:23.889962,2025-10-16 02:34:23.889974,2025-10-16 02:34:23.885781
64911349-b34f-400f-9194-dcbae83ef698,person_1,95,255,177,390,"0.788475751876831",2025-10-16 02:36:56.110764,2025-10-16 02:36:56.110778,2025-10-16 02:36:56.107764
e8a07635-7662-4ec2-a9a3-d4f02e262b3f,person_1,98,224,161,385,"0.865449845790863",2025-10-16 02:35:32.579962,2025-10-16 02:35:32.579977,2025-10-16 02:35:32.576916
976eeaaf-23c2-4206-8b90-baa6136b4dd2,person_1,175,247,245,418,"0.844802975654602",2025-10-16 02:34:24.955032,2025-10-16 02:34:24.955044,2025-10-16 02:34:24.951439
47acf5b3-9510-4ad3-94cd-e45ca32e82ef,person_1,68,220,154,389,"0.797434091567993",2025-10-16 02:36:53.648072,2025-10-16 02:36:53.648091,2025-10-16 02:36:53.644893
6dbbd880-a96a-4540-a77c-3a2360be07b0,person_1,100,223,160,386,"0.611837029457092",2025-10-16 02:35:31.22939,2025-10-16 02:35:31.229402,2025-10-16 02:35:31.225546
cacf2385-f35f-4401-b1b4-e26d70025fe5,person_1,175,248,246,419,"0.860714077949524",2025-10-16 02:34:26.083803,2025-10-16 02:34:26.083814,2025-10-16 02:34:26.079591
ccebdc1a-d80f-4a68-ba1c-cb7465bca3c5,person_1,98,221,160,384,"0.780291557312012",2025-10-16 02:35:29.643,2025-10-16 02:35:29.643015,2025-10-16 02:35:29.639796
e210e659-c877-4cbe-b357-b9934bbb4d62,person_1,98,221,154,377,"0.744114935398102",2025-10-16 02:36:51.881758,2025-10-16 02:36:51.881774,2025-10-16 02:36:51.878529
bbba4180-5362-47c4-8059-00bad425d528,person_1,176,248,247,418,"0.865064263343811",2025-10-16 02:34:27.212587,2025-10-16 02:34:27.212599,2025-10-16 02:34:27.208822
5d4e99c1-23da-4113-954d-34d7255cc806,person_1,101,214,159,385,"0.774626493453979",2025-10-16 02:35:27.408033,2025-10-16 02:35:27.408052,2025-10-16 02:35:27.405122
7df8113b-9365-4226-8e2c-57a58136445c,person_1,95,219,149,331,"0.805934965610504",2025-10-16 02:36:50.643276,2025-10-16 02:36:50.64329,2025-10-16 02:36:50.640054
ac1c552f-1876-464b-85e7-cf51045bebb8,person_1,92,210,168,376,"0.802450358867645",2025-10-16 02:35:25.716431,2025-10-16 02:35:25.716453,2025-10-16 02:35:25.713304
c1b081dd-93c2-403c-819d-de86dd8d1522,person_1,175,249,248,419,"0.832972824573517",2025-10-16 02:34:28.284876,2025-10-16 02:34:28.284891,2025-10-16 02:34:28.280611
a16c6b0c-1f96-4085-ba7e-51e61102ea4e,person_1,81,213,161,377,"0.826342403888702",2025-10-16 02:36:48.936452,2025-10-16 02:36:48.936466,2025-10-16 02:36:48.933323
78af378e-101e-4264-8445-6a6a93b6cbb6,person_1,88,209,149,372,"0.761700391769409",2025-10-16 02:35:24.65757,2025-10-16 02:35:24.657594,2025-10-16 02:35:24.651492
5299bb73-4eb1-4c4c-91cf-bcab07c6074c,person_1,176,249,249,419,"0.831779539585114",2025-10-16 02:34:29.402468,2025-10-16 02:34:29.402478,2025-10-16 02:34:29.398977
4187d39b-426d-4aaf-8875-314450c60e7b,person_1,82,213,162,378,"0.796145677566528",2025-10-16 02:36:47.663768,2025-10-16 02:36:47.663794,2025-10-16 02:36:47.659921
438180f0-7b60-4876-9e3f-3641595043d7,person_1,84,210,147,373,"0.811969757080078",2025-10-16 02:35:22.797802,2025-10-16 02:35:22.797815,2025-10-16 02:35:22.792485
eef9279c-2480-425c-b186-8ac3f65e730b,person_1,176,248,248,419,"0.845712661743164",2025-10-16 02:34:30.602558,2025-10-16 02:34:30.602576,2025-10-16 02:34:30.59917
dcb376eb-2c3d-48d5-872e-8542700fb7a1,person_1,83,212,162,379,"0.809133231639862",2025-10-16 02:36:46.518765,2025-10-16 02:36:46.518778,2025-10-16 02:36:46.51562
1b9baddf-6769-4430-8329-972dc0c22e9a,person_1,176,248,247,418,"0.854825794696808",2025-10-16 02:34:31.853514,2025-10-16 02:34:31.853528,2025-10-16 02:34:31.848769
86fab36a-be97-4618-b0bb-7e38fa84253f,person_1,83,213,146,374,"0.802257835865021",2025-10-16 02:36:45.294721,2025-10-16 02:36:45.294741,2025-10-16 02:36:45.291342
bb314081-cbd4-49ac-b002-ce7a18e95bdf,person_1,63,211,146,373,"0.830087125301361",2025-10-16 02:35:21.144209,2025-10-16 02:35:21.144226,2025-10-16 02:35:21.138889
6cc03cec-96d2-440b-909f-a99314386a0e,person_1,176,250,247,419,"0.836681842803955",2025-10-16 02:34:33.016648,2025-10-16 02:34:33.016662,2025-10-16 02:34:33.012869
e0ca0849-3413-4439-bd5f-3572dde0cd6a,person_1,80,213,151,370,"0.798157155513763",2025-10-16 02:36:44.128606,2025-10-16 02:36:44.12862,2025-10-16 02:36:44.125405
22101ac8-81a2-43d1-9b00-a99c9cbd4af0,person_1,174,249,248,419,"0.836769640445709",2025-10-16 02:34:34.171363,2025-10-16 02:34:34.171375,2025-10-16 02:34:34.168117
83ef328b-3493-4888-8d90-7c88d2859716,person_1,94,214,164,378,"0.778286159038544",2025-10-16 02:36:26.789671,2025-10-16 02:36:26.789689,2025-10-16 02:36:26.785085
"044e20aa-d99b-4463-985f-7cbd9e09e12c",person_1,81,212,156,372,"0.854724645614624",2025-10-16 02:36:42.89072,2025-10-16 02:36:42.890732,2025-10-16 02:36:42.886144
76bb0646-3870-4e3a-80c3-ae10b95e65bc,person_1,176,249,248,419,"0.834268152713776",2025-10-16 02:34:35.324115,2025-10-16 02:34:35.324131,2025-10-16 02:34:35.320442
4d731535-c550-4e57-96f6-af1f36ee8afe,person_1,81,213,153,371,"0.773129343986511",2025-10-16 02:36:41.648269,2025-10-16 02:36:41.648286,2025-10-16 02:36:41.644991
c66b2742-82a4-46d4-b945-78eace27436b,person_1,60,211,147,372,"0.709721267223358",2025-10-16 02:35:19.570235,2025-10-16 02:35:19.570249,2025-10-16 02:35:19.565325
c1e3642b-cf97-4a4c-88f2-5fd75e3114c4,person_1,176,248,248,418,"0.797572016716003",2025-10-16 02:34:36.610067,2025-10-16 02:34:36.610081,2025-10-16 02:34:36.606778
d5f036ce-9607-40f7-a218-0308428ceed9,person_1,80,215,156,374,"0.806135177612305",2025-10-16 02:36:40.51102,2025-10-16 02:36:40.511031,2025-10-16 02:36:40.506429
c5db130a-7e61-4233-85d6-3cff77c1c585,person_1,74,211,148,374,"0.636207520961761",2025-10-16 02:35:18.208958,2025-10-16 02:35:18.208975,2025-10-16 02:35:18.200473
4f015802-e159-4aa9-9b34-4fd734d2b51b,person_1,176,249,250,419,"0.837688028812408",2025-10-16 02:34:37.898548,2025-10-16 02:34:37.898577,2025-10-16 02:34:37.894531
36a86cb1-1d43-40fd-995f-020204fa3034,person_1,81,213,161,376,"0.80892676115036",2025-10-16 02:36:39.360036,2025-10-16 02:36:39.360052,2025-10-16 02:36:39.35689
"062d859e-8fc2-44d0-99a2-cfa4feeb883a",person_1,85,206,144,369,"0.855466425418854",2025-10-16 02:35:16.576073,2025-10-16 02:35:16.576083,2025-10-16 02:35:16.572477
7fe6bf43-3b2f-492e-9567-6ebc5d7af037,person_1,177,248,250,419,"0.752836465835571",2025-10-16 02:34:38.966547,2025-10-16 02:34:38.966559,2025-10-16 02:34:38.963339
"07d02f45-2ad3-453f-975a-7209831e2469",person_1,174,249,249,420,"0.727223694324493",2025-10-16 02:34:40.003511,2025-10-16 02:34:40.003539,2025-10-16 02:34:39.998918
9605ae7d-7301-4c06-b07d-d967ecdf3b9c,person_1,45,207,139,354,"0.793958783149719",2025-10-16 02:35:15.338568,2025-10-16 02:35:15.338588,2025-10-16 02:35:15.335559
dd443bac-78f3-4714-a30f-cfd71458eefc,person_1,174,248,249,419,"0.810563087463379",2025-10-16 02:34:41.960302,2025-10-16 02:34:41.960317,2025-10-16 02:34:41.956816
49b6aa12-a941-4555-960d-1dc544a48e6d,person_1,175,246,248,420,"0.852404654026031",2025-10-16 02:34:42.964539,2025-10-16 02:34:42.964554,2025-10-16 02:34:42.961166
cd72a858-15a6-4743-bc0c-1e047bd80072,person_1,62,203,142,357,"0.694879412651062",2025-10-16 02:35:13.81086,2025-10-16 02:35:13.810886,2025-10-16 02:35:13.806966
38734e67-38f6-403b-98f7-ac792327e626,person_1,179,247,249,419,"0.861829161643982",2025-10-16 02:34:44.977032,2025-10-16 02:34:44.977047,2025-10-16 02:34:44.973491
3bb774c5-44cd-48f1-b015-da28f8c73e7d,person_1,79,214,139,377,"0.83983314037323",2025-10-16 02:36:38.070543,2025-10-16 02:36:38.070558,2025-10-16 02:36:38.066751
18f63282-95d5-4c71-8453-0d88e2fb6c80,person_1,150,245,244,420,"0.875078558921814",2025-10-16 02:34:46.968235,2025-10-16 02:34:46.968249,2025-10-16 02:34:46.964674
b5d9c620-448f-474e-99a3-1131bb6298ad,person_1,91,219,162,371,"0.852131366729736",2025-10-16 02:36:28.438641,2025-10-16 02:36:28.438657,2025-10-16 02:36:28.434674
5f59a738-f7e0-4371-afe7-d62629e2479f,person_1,140,249,233,418,"0.884441375732422",2025-10-16 02:34:48.963768,2025-10-16 02:34:48.963779,2025-10-16 02:34:48.960628
fb33ae87-6c93-4273-bccf-560e5533ec8f,person_1,85,204,148,371,"0.82801216840744",2025-10-16 02:35:12.405006,2025-10-16 02:35:12.405021,2025-10-16 02:35:12.401314
2550c327-e4ec-426f-8711-3ab2f12c1c36,person_1,139,249,231,417,"0.877869844436646",2025-10-16 02:34:50.005633,2025-10-16 02:34:50.005663,2025-10-16 02:34:50.000503
a066ad45-3d36-4ca8-9cf0-d1f2297fd829,person_1,80,213,141,375,"0.825425207614899",2025-10-16 02:36:36.922974,2025-10-16 02:36:36.922988,2025-10-16 02:36:36.919262
6f4aa863-dd1f-48f2-9189-db651c571d39,person_1,86,206,145,370,"0.881079971790314",2025-10-16 02:35:11.019684,2025-10-16 02:35:11.019704,2025-10-16 02:35:11.015459
2742a2c2-1e2d-49a3-bc6e-7f456177778b,person_1,154,245,230,415,"0.838532030582428",2025-10-16 02:34:51.977036,2025-10-16 02:34:51.977057,2025-10-16 02:34:51.973446
bd442002-8cfb-44bb-9a66-38e26495135c,person_1,160,245,230,417,"0.823553740978241",2025-10-16 02:34:52.986682,2025-10-16 02:34:52.986703,2025-10-16 02:34:52.981003
d8ef698a-7f2f-44d7-a03e-dec4e0799a97,person_1,83,213,152,375,"0.814683675765991",2025-10-16 02:35:09.044123,2025-10-16 02:35:09.04414,2025-10-16 02:35:09.040224
8a45cba0-ec11-45e5-9b3c-db03b50506be,person_1,137,251,231,418,"0.871819853782654",2025-10-16 02:34:54.958998,2025-10-16 02:34:54.95901,2025-10-16 02:34:54.956026
4be48817-1d6c-49dc-a9d8-442532692257,person_1,134,250,230,416,"0.833011567592621",2025-10-16 02:34:55.989001,2025-10-16 02:34:55.989017,2025-10-16 02:34:55.984299
f93ac2b3-b447-45a3-a227-338c538f4b6e,person_1,83,229,152,379,"0.748424232006073",2025-10-16 02:36:35.67668,2025-10-16 02:36:35.67669,2025-10-16 02:36:35.673311
e99d199e-c71d-48b0-aea9-062203c97126,person_1,149,249,229,417,"0.87255597114563",2025-10-16 02:34:57.957708,2025-10-16 02:34:57.957721,2025-10-16 02:34:57.953879
cfeb24e6-5c72-4d1f-bbda-0275d5dfd39a,person_1,91,220,163,370,"0.835667371749878",2025-10-16 02:36:30.817876,2025-10-16 02:36:30.817892,2025-10-16 02:36:30.814379
3318641c-2789-4d27-9a67-8be721e0c65d,person_10,309,142,351,224,"0.614729702472687",2025-10-16 02:33:12.862823,2025-10-16 02:33:12.862848,2025-10-16 02:33:12.858564
ee7dd795-174a-4686-b42b-175346408c8e,person_102,240,120,277,218,"0.710311949253082",2025-10-16 02:35:18.219065,2025-10-16 02:35:18.219083,2025-10-16 02:35:18.200498
f79cad3b-b990-4e52-bbc6-f19b7704b36e,person_103,304,138,354,244,"0.765184462070465",2025-10-16 02:35:19.713952,2025-10-16 02:35:19.713963,2025-10-16 02:35:19.70971
172ebcfe-c1ad-42fc-a300-48434ed597c5,person_105,424,167,458,276,"0.62635201215744",2025-10-16 02:35:21.432581,2025-10-16 02:35:21.432593,2025-10-16 02:35:21.428485
2ff93ef8-9915-41c1-bf4c-5cf650c9216f,person_11,331,279,417,419,"0.522491931915283",2025-10-16 02:33:13.867931,2025-10-16 02:33:13.867946,2025-10-16 02:33:13.864552
ec87ded7-f070-4cc2-83e6-95a923ab8256,person_11,433,306,541,418,"0.680292904376984",2025-10-16 02:33:15.301803,2025-10-16 02:33:15.301818,2025-10-16 02:33:15.290662
ea910970-f208-47ed-88b2-c20dc8226fe9,person_112,1,184,50,308,"0.641444742679596",2025-10-16 02:35:44.249515,2025-10-16 02:35:44.249527,2025-10-16 02:35:44.235065
9c22482b-24dc-4bca-9670-5303731c3e95,person_113,373,224,442,414,"0.838100492954254",2025-10-16 02:35:42.427086,2025-10-16 02:35:42.4271,2025-10-16 02:35:42.423221
747fbbdb-b22d-4521-8212-ae83a70cfbc8,person_115,309,201,373,382,"0.829506039619446",2025-10-16 02:35:44.257035,2025-10-16 02:35:44.257046,2025-10-16 02:35:44.235092
8b8ea43a-dfb7-417f-ac79-80126badca93,person_115,325,207,390,384,"0.815631151199341",2025-10-16 02:35:43.070201,2025-10-16 02:35:43.070217,2025-10-16 02:35:43.058415
94fb30b4-80eb-45fc-811b-9cb70cf04443,person_116,449,173,511,302,"0.750874876976013",2025-10-16 02:35:43.268558,2025-10-16 02:35:43.268575,2025-10-16 02:35:43.263814
5ebe0906-3dcb-43aa-a68f-d328a49e9de5,person_117,274,226,338,416,"0.72799277305603",2025-10-16 02:35:43.277195,2025-10-16 02:35:43.277206,2025-10-16 02:35:43.263821
46cea493-c88a-483b-9ebe-c025c36afb9e,person_117,255,176,307,331,"0.854116320610046",2025-10-16 02:35:44.377672,2025-10-16 02:35:44.377687,2025-10-16 02:35:44.373473
a139bb56-b35c-404f-a36c-1934efbacf38,person_117,246,172,298,310,"0.810084700584412",2025-10-16 02:35:45.436026,2025-10-16 02:35:45.436046,2025-10-16 02:35:45.422632
fb164d12-ab95-4ef6-9910-f6ec84a41c6d,person_118,203,129,230,209,"0.500067591667175",2025-10-16 02:35:48.88949,2025-10-16 02:35:48.889501,2025-10-16 02:35:48.876576
"07c98740-ff0a-468d-9e09-65bafe290fee",person_118,203,182,263,323,"0.742654919624329",2025-10-16 02:35:45.443022,2025-10-16 02:35:45.443034,2025-10-16 02:35:45.422641
9830fb67-e2fc-4565-8d30-20034587242b,person_118,212,134,244,225,"0.663349747657776",2025-10-16 02:35:47.680912,2025-10-16 02:35:47.680924,2025-10-16 02:35:47.664121
5aef6c2a-e63f-4152-8ef8-e97f53f0fb83,person_119,368,153,393,230,"0.533273279666901",2025-10-16 02:35:46.57571,2025-10-16 02:35:46.575722,2025-10-16 02:35:46.559486
77551f9e-1208-4441-bf12-490f73ba5df4,person_119,357,163,396,228,"0.555154085159302",2025-10-16 02:35:47.687689,2025-10-16 02:35:47.6877,2025-10-16 02:35:47.66413
a38d7a7e-4bbc-4b90-85d1-de5c2270fcb8,person_119,361,151,397,228,"0.660045385360718",2025-10-16 02:35:51.194802,2025-10-16 02:35:51.194818,2025-10-16 02:35:51.18293
83aaea59-fef1-4004-a601-0496958ed76c,person_119,360,150,397,228,"0.736083984375",2025-10-16 02:35:50.053255,2025-10-16 02:35:50.053272,2025-10-16 02:35:50.038957
b61c5052-1b54-4118-973f-a493cb9875c6,person_119,366,158,410,277,"0.715373873710632",2025-10-16 02:35:45.449888,2025-10-16 02:35:45.449898,2025-10-16 02:35:45.422647
79235d32-0823-41ad-b64c-1cf67ce771f0,person_119,361,152,398,228,"0.781540870666504",2025-10-16 02:35:48.896115,2025-10-16 02:35:48.89616,2025-10-16 02:35:48.876585
47b8c733-7336-4adc-92b2-554ab0fc8f72,person_122,175,126,197,198,"0.625707924365997",2025-10-16 02:35:51.200413,2025-10-16 02:35:51.200424,2025-10-16 02:35:51.182944
96b51028-4603-4806-981a-bd8631f37218,person_122,178,130,201,200,"0.543662130832672",2025-10-16 02:35:50.060002,2025-10-16 02:35:50.060018,2025-10-16 02:35:50.038975
406d4419-f47f-4519-8e11-7dba5d4fe30b,person_122,166,149,201,259,"0.751138508319855",2025-10-16 02:35:46.581194,2025-10-16 02:35:46.581205,2025-10-16 02:35:46.559512
f7bec383-bf0c-4afd-90f7-8c2dd04c0e11,person_123,278,141,314,237,"0.776768445968628",2025-10-16 02:35:46.709348,2025-10-16 02:35:46.709363,2025-10-16 02:35:46.705146
3e24c9ac-e9c1-443c-955d-07a077f4631f,person_124,254,142,287,241,"0.657808661460876",2025-10-16 02:35:46.716572,2025-10-16 02:35:46.716588,2025-10-16 02:35:46.705152
abdce799-237c-4d28-9ba8-d951e05f6639,person_125,132,137,167,231,"0.686443626880646",2025-10-16 02:35:47.808117,2025-10-16 02:35:47.808127,2025-10-16 02:35:47.802191
bca8ddb6-cc23-425e-a9d0-fb20fd6b0910,person_125,139,158,178,269,"0.553512930870056",2025-10-16 02:35:46.723375,2025-10-16 02:35:46.723395,2025-10-16 02:35:46.705158
9f455f53-0786-43e0-b08b-55c4233923ee,person_125,137,123,160,193,"0.767790019512177",2025-10-16 02:35:51.337817,2025-10-16 02:35:51.337837,2025-10-16 02:35:51.331314
3da11297-87fd-46b1-adcf-4d91216d6b0f,person_126,233,133,263,224,"0.61686372756958",2025-10-16 02:35:47.814065,2025-10-16 02:35:47.814075,2025-10-16 02:35:47.802199
65c2c490-2016-4ead-839d-202f79fb8b4c,person_127,119,125,141,183,"0.500574052333832",2025-10-16 02:35:52.874852,2025-10-16 02:35:52.874868,2025-10-16 02:35:52.861481
86252317-624a-4b90-a4e1-6cdd83b6e0ef,person_127,118,131,147,213,"0.670798718929291",2025-10-16 02:35:49.015919,2025-10-16 02:35:49.015935,2025-10-16 02:35:49.010965
59b7e708-dd6e-4e99-b60d-f92b4f920aff,person_128,179,131,207,208,"0.725043535232544",2025-10-16 02:35:49.022597,2025-10-16 02:35:49.022607,2025-10-16 02:35:49.01097
ea661dad-0ee9-46d2-96c8-5fe64f0ed22c,person_129,74,135,97,205,"0.604901134967804",2025-10-16 02:35:51.20689,2025-10-16 02:35:51.206901,2025-10-16 02:35:51.182978
da05775c-4062-4d0a-a76f-ed2271975b88,person_129,72,123,95,187,"0.509421050548553",2025-10-16 02:35:52.881697,2025-10-16 02:35:52.881715,2025-10-16 02:35:52.86149
9023e5fa-2eb8-41fc-b3e5-0eac42b444ef,person_129,77,133,102,208,"0.69036078453064",2025-10-16 02:35:50.067035,2025-10-16 02:35:50.06705,2025-10-16 02:35:50.039034
39b755ce-0361-44ea-b327-42eb5882939d,person_13,434,152,494,295,"0.551119327545166",2025-10-16 02:33:16.721022,2025-10-16 02:33:16.721052,2025-10-16 02:33:16.71619
46727331-3c70-42d7-90d9-daf408bffd8f,person_130,99,123,124,179,"0.56767725944519",2025-10-16 02:35:54.420674,2025-10-16 02:35:54.420685,2025-10-16 02:35:54.404428
6a915e0d-8378-4fbe-9115-3ba677c03fa5,person_130,102,129,129,201,"0.716453433036804",2025-10-16 02:35:50.226171,2025-10-16 02:35:50.226185,2025-10-16 02:35:50.22143
1b1db0d8-0cbd-48dd-9ecb-1a6f771b1565,person_131,157,126,182,201,"0.7085782289505",2025-10-16 02:35:50.233363,2025-10-16 02:35:50.233389,2025-10-16 02:35:50.221437
b8923459-7dbc-4bc1-8239-e866fdf06f59,person_131,158,125,178,193,"0.693712770938873",2025-10-16 02:35:51.34589,2025-10-16 02:35:51.345909,2025-10-16 02:35:51.331342
2948cc40-e657-486b-8dc5-33759a694a9e,person_132,59,125,80,179,"0.54578697681427",2025-10-16 02:35:54.425932,2025-10-16 02:35:54.425941,2025-10-16 02:35:54.404435
e9442531-da85-45ea-b1a4-e029969aedac,person_133,364,148,394,226,"0.703991055488586",2025-10-16 02:35:59.149828,2025-10-16 02:35:59.149837,2025-10-16 02:35:59.14071
156d2874-f78d-46fb-b4df-7bcf9359b90c,person_135,369,148,397,226,"0.534375488758087",2025-10-16 02:36:06.397631,2025-10-16 02:36:06.397647,2025-10-16 02:36:06.394356
8d14d902-db08-4caf-bed1-68a3b10027ed,person_137,119,125,136,175,"0.695971488952637",2025-10-16 02:36:11.650619,2025-10-16 02:36:11.650635,2025-10-16 02:36:11.64741
"056b3394-5367-48b2-97f8-1ba6bca9a322",person_137,125,122,149,182,"0.697675108909607",2025-10-16 02:36:13.242853,2025-10-16 02:36:13.242867,2025-10-16 02:36:13.239464
207f0935-1dac-4193-a096-25f76cf4cad8,person_137,102,121,121,169,"0.533583760261536",2025-10-16 02:36:09.47802,2025-10-16 02:36:09.47803,2025-10-16 02:36:09.475034
417e5674-2fec-43f6-a77c-220947e451cc,person_137,133,122,158,184,"0.753481566905975",2025-10-16 02:36:14.390654,2025-10-16 02:36:14.390675,2025-10-16 02:36:14.386744
9cfd85dd-8c6f-4e31-8be6-c3924c2746df,person_137,111,121,129,172,"0.560709655284882",2025-10-16 02:36:10.580601,2025-10-16 02:36:10.580613,2025-10-16 02:36:10.577294
6539f057-7972-4a98-8517-5cb4e9304ffc,person_139,312,205,369,349,"0.750040709972382",2025-10-16 02:36:17.309748,2025-10-16 02:36:17.309763,2025-10-16 02:36:17.304793
21ba3d22-9462-4139-b89e-884c4a4c75c2,person_139,290,268,391,418,"0.739368975162506",2025-10-16 02:36:16.204055,2025-10-16 02:36:16.204071,2025-10-16 02:36:16.199083
c47f1428-c77a-47c7-830d-34c55eb6477e,person_139,302,177,357,321,"0.856255173683167",2025-10-16 02:36:18.398115,2025-10-16 02:36:18.398126,2025-10-16 02:36:18.393593
e2a4ddd6-ffb0-49bd-b547-4a1af180c3d1,person_14,398,153,440,280,"0.5290167927742",2025-10-16 02:33:17.249766,2025-10-16 02:33:17.249781,2025-10-16 02:33:17.244503
2755ef94-3262-4886-8f25-19dd0429ecc0,person_140,159,126,183,195,"0.744163453578949",2025-10-16 02:36:16.210447,2025-10-16 02:36:16.210461,2025-10-16 02:36:16.19909
385eb522-e767-436f-b080-83164c5eb151,person_141,399,244,479,413,"0.705871641635895",2025-10-16 02:36:16.215957,2025-10-16 02:36:16.215967,2025-10-16 02:36:16.199095
6d1e2205-6349-44a3-8b32-37941440cd77,person_141,380,203,449,374,"0.839629054069519",2025-10-16 02:36:17.317435,2025-10-16 02:36:17.317447,2025-10-16 02:36:17.304804
8b4c6a04-9b9b-48c8-9063-48262d5021e6,person_142,458,236,543,414,"0.753765881061554",2025-10-16 02:36:16.221926,2025-10-16 02:36:16.221936,2025-10-16 02:36:16.199101
b1f7ff79-305d-4e2e-a709-777e3b6ece18,person_143,99,168,151,284,"0.680613875389099",2025-10-16 02:36:19.409416,2025-10-16 02:36:19.409431,2025-10-16 02:36:19.399122
d55aac40-2027-4c1d-9ba9-f1bc5d0e8126,person_144,202,216,280,413,"0.800461232662201",2025-10-16 02:36:17.323555,2025-10-16 02:36:17.323566,2025-10-16 02:36:17.304817
803c77b0-68b9-42d3-8097-7c716ef92cbd,person_145,176,132,204,205,"0.732837677001953",2025-10-16 02:36:17.328985,2025-10-16 02:36:17.328996,2025-10-16 02:36:17.304822
4d6c00d9-8ceb-4e9e-b03f-ab85d1ce4315,person_146,135,182,192,352,"0.841271698474884",2025-10-16 02:36:18.404523,2025-10-16 02:36:18.404532,2025-10-16 02:36:18.393625
"0a744041-18db-4734-81d0-6a27b718fbb0",person_146,137,162,178,294,"0.757522225379944",2025-10-16 02:36:19.414717,2025-10-16 02:36:19.414727,2025-10-16 02:36:19.39914
ca7f1761-3ce7-4858-b4f9-1966dda2c557,person_147,233,178,286,297,"0.741964161396027",2025-10-16 02:36:18.409861,2025-10-16 02:36:18.409872,2025-10-16 02:36:18.39363
a7509372-7e4b-40e4-86cb-53288f87d16c,person_147,257,163,300,297,"0.813506662845612",2025-10-16 02:36:19.419756,2025-10-16 02:36:19.419766,2025-10-16 02:36:19.399145
c84a84bb-297b-4d24-bb8e-cef8515b915a,person_148,189,166,234,288,"0.762456953525543",2025-10-16 02:36:19.425019,2025-10-16 02:36:19.425029,2025-10-16 02:36:19.39915
"04e4251b-8879-485f-82c1-37c64a3042d8",person_148,170,169,227,332,"0.519495189189911",2025-10-16 02:36:18.414963,2025-10-16 02:36:18.414973,2025-10-16 02:36:18.393635
e7c4257d-c50e-46df-8515-a4d1c6cc675c,person_148,187,139,221,242,"0.85656464099884",2025-10-16 02:36:21.606983,2025-10-16 02:36:21.606994,2025-10-16 02:36:21.596572
ea5cde12-98b1-47d8-bb63-6f75da199f3d,person_149,215,148,255,264,"0.800376832485199",2025-10-16 02:36:20.629496,2025-10-16 02:36:20.629514,2025-10-16 02:36:20.623638
ade07533-1492-4438-9113-a030eebfe1fc,person_15,559,326,639,419,"0.515278577804565",2025-10-16 02:33:17.256293,2025-10-16 02:33:17.256304,2025-10-16 02:33:17.244509
82ca6b8f-c1cc-42df-bb7c-4e330fbe73a2,person_150,160,152,195,259,"0.728050768375397",2025-10-16 02:36:20.636668,2025-10-16 02:36:20.636679,2025-10-16 02:36:20.62365
"0637b2f0-458b-4d4a-8ab6-c31052a0af16",person_150,165,134,197,223,"0.810235261917114",2025-10-16 02:36:22.749696,2025-10-16 02:36:22.749707,2025-10-16 02:36:22.746081
4bcf1859-74fb-46b8-bc06-71a88b513da6,person_151,253,133,282,230,"0.637850284576416",2025-10-16 02:36:20.642924,2025-10-16 02:36:20.642935,2025-10-16 02:36:20.62366
411f393a-32f2-44d0-83bd-fb125409a9fb,person_152,68,146,107,232,"0.574803590774536",2025-10-16 02:36:21.717757,2025-10-16 02:36:21.717767,2025-10-16 02:36:21.71381
b78605e7-7cda-4a0d-bc92-bef764b21323,person_152,59,131,84,201,"0.645328760147095",2025-10-16 02:36:25.143076,2025-10-16 02:36:25.1431,2025-10-16 02:36:25.137559
3bf49955-46f5-4272-9866-7dd8a284a5e4,person_152,77,154,118,236,"0.691640377044678",2025-10-16 02:36:20.648011,2025-10-16 02:36:20.648021,2025-10-16 02:36:20.623669
272fed0d-fd92-4850-a606-e2dce5c5dc94,person_152,62,139,94,222,"0.724323272705078",2025-10-16 02:36:22.761357,2025-10-16 02:36:22.761368,2025-10-16 02:36:22.746094
"08ac1227-8330-4fed-857f-94a449805606",person_152,59,131,88,212,"0.659984350204468",2025-10-16 02:36:23.845153,2025-10-16 02:36:23.845173,2025-10-16 02:36:23.839311
779fa72a-0b47-418f-b782-e176ba1c5181,person_153,105,132,129,214,"0.731794655323029",2025-10-16 02:36:23.852962,2025-10-16 02:36:23.852974,2025-10-16 02:36:23.839319
3589d7bc-8cba-436e-bbdf-2c3aa6ebace6,person_153,96,127,113,189,"0.508607447147369",2025-10-16 02:36:26.796979,2025-10-16 02:36:26.79699,2025-10-16 02:36:26.785105
b9e5837b-7eb2-4b74-a97b-401365a426c8,person_153,95,124,113,175,"0.607286274433136",2025-10-16 02:36:28.451023,2025-10-16 02:36:28.451035,2025-10-16 02:36:28.434693
d3db1f79-c3d8-43b7-a192-f389aa8b7fc9,person_153,98,143,124,213,"0.527681112289429",2025-10-16 02:36:21.723266,2025-10-16 02:36:21.723275,2025-10-16 02:36:21.713818
ac186f3f-c0c9-46cf-b1bb-6c805f04f310,person_153,109,146,140,227,"0.628743410110474",2025-10-16 02:36:20.652882,2025-10-16 02:36:20.652891,2025-10-16 02:36:20.623676
"07c0ea91-4abe-4b5b-bf4f-5b68677c0bbf",person_153,103,130,123,195,"0.598924815654755",2025-10-16 02:36:25.275576,2025-10-16 02:36:25.275591,2025-10-16 02:36:25.271312
5cde8ac1-99c2-46c2-a92f-d7eeadbf8a26,person_154,279,140,313,245,"0.716011941432953",2025-10-16 02:36:21.728133,2025-10-16 02:36:21.728143,2025-10-16 02:36:21.713824
95628a52-fde5-40de-ba4d-f3821cc04f84,person_155,129,114,147,165,"0.704720616340637",2025-10-16 02:36:35.688613,2025-10-16 02:36:35.688624,2025-10-16 02:36:35.673318
ee0bd01f-c558-41f5-ba71-869515e432d0,person_155,126,115,146,163,"0.666547238826752",2025-10-16 02:36:38.083212,2025-10-16 02:36:38.083222,2025-10-16 02:36:38.066759
"0538f081-0757-4cc7-b391-1518d9d6f37c",person_155,128,116,145,161,"0.697735011577606",2025-10-16 02:36:36.9298,2025-10-16 02:36:36.929914,2025-10-16 02:36:36.919273
"00a2a776-81f0-4a77-a5c2-488e2514dfff",person_155,132,118,151,163,"0.651134014129639",2025-10-16 02:36:28.456529,2025-10-16 02:36:28.456539,2025-10-16 02:36:28.4347
"0c4dd930-4bf4-4778-a8a4-588489314b1d",person_155,127,117,145,161,"0.622025668621063",2025-10-16 02:36:40.517195,2025-10-16 02:36:40.517205,2025-10-16 02:36:40.506439
5efb49e7-90e0-42a8-bb52-dc2cd89d480c,person_155,132,119,150,163,"0.6099534034729",2025-10-16 02:36:31.437601,2025-10-16 02:36:31.437619,2025-10-16 02:36:31.433557
1c10b9f4-5584-4805-a2ee-249e8ebd5c77,person_155,130,118,150,164,"0.535720467567444",2025-10-16 02:36:27.041396,2025-10-16 02:36:27.041412,2025-10-16 02:36:27.037401
acb51b9f-2e5f-401c-bf23-7e4263df1309,person_155,140,129,169,205,"0.778523147106171",2025-10-16 02:36:24.462596,2025-10-16 02:36:24.462607,2025-10-16 02:36:24.449196
533746ba-ec8a-4897-bc53-b6f2593711ac,person_156,113,137,142,223,"0.73488062620163",2025-10-16 02:36:22.880162,2025-10-16 02:36:22.880173,2025-10-16 02:36:22.868997
52dfe64e-2f23-4412-a289-171edc762da6,person_156,120,123,142,190,"0.616905689239502",2025-10-16 02:36:26.802996,2025-10-16 02:36:26.803007,2025-10-16 02:36:26.785115
4efb88bf-cccb-4c6c-acb1-4e3e5af75f66,person_159,369,153,398,226,"0.531054556369781",2025-10-16 02:36:28.463079,2025-10-16 02:36:28.46309,2025-10-16 02:36:28.434709
5975c1d7-cc56-4e74-98b9-24182d6877e7,person_159,372,143,397,226,"0.506450712680817",2025-10-16 02:36:25.282004,2025-10-16 02:36:25.282024,2025-10-16 02:36:25.271358
67c45615-5ebc-4a71-9e26-63a456a47202,person_159,369,146,397,227,"0.558914721012115",2025-10-16 02:36:26.919078,2025-10-16 02:36:26.919089,2025-10-16 02:36:26.916009
755b9b09-1369-42f7-b985-ec656223a7be,person_160,416,174,460,293,"0.744777023792267",2025-10-16 02:36:25.153379,2025-10-16 02:36:25.153389,2025-10-16 02:36:25.137584
9dc4ccd2-8e7b-4f59-890e-d5892b096f64,person_161,448,189,497,302,"0.700530111789703",2025-10-16 02:36:25.44561,2025-10-16 02:36:25.445626,2025-10-16 02:36:25.439055
24570094-b320-4b6c-8989-a40f47338349,person_164,447,146,468,214,"0.551059007644653",2025-10-16 02:36:32.192745,2025-10-16 02:36:32.192761,2025-10-16 02:36:32.18837
1872e7a7-8ff4-4b16-a7db-a5b37567a723,person_164,445,143,469,214,"0.542780756950378",2025-10-16 02:36:38.201313,2025-10-16 02:36:38.201368,2025-10-16 02:36:38.197573
b93d7d99-6735-4779-9c5b-ce4fe9635a0a,person_164,446,147,469,215,"0.507298827171326",2025-10-16 02:36:34.602157,2025-10-16 02:36:34.602171,2025-10-16 02:36:34.599035
e0a52d82-b3a9-49c9-a485-210b368b1b03,person_165,76,154,110,239,"0.668750107288361",2025-10-16 02:36:35.695097,2025-10-16 02:36:35.695118,2025-10-16 02:36:35.673325
64033208-64b9-4572-ac39-6c54ae9d4a52,person_165,65,151,95,218,"0.5502769947052",2025-10-16 02:36:34.492045,2025-10-16 02:36:34.492058,2025-10-16 02:36:34.480996
"0b432c0f-4fb7-4673-8f77-9ec44dd40e3d",person_166,109,158,143,255,"0.771981120109558",2025-10-16 02:36:37.03472,2025-10-16 02:36:37.034731,2025-10-16 02:36:37.031346
b2f8c15a-420b-4c8b-8c4b-8ccc5f433948,person_167,152,162,191,279,"0.775355160236359",2025-10-16 02:36:38.207546,2025-10-16 02:36:38.207557,2025-10-16 02:36:38.197586
143feaf5-f0b4-47fe-8496-9ab227cb9cec,person_169,201,170,251,301,"0.851118445396423",2025-10-16 02:36:39.466929,2025-10-16 02:36:39.466943,2025-10-16 02:36:39.463323
a065432b-4409-4d67-992e-507601cc3a3a,person_170,256,184,316,335,"0.869821786880493",2025-10-16 02:36:40.622352,2025-10-16 02:36:40.622364,2025-10-16 02:36:40.619528
35165fca-f75f-473f-8efc-958b22f97648,person_171,367,148,403,237,"0.548744440078735",2025-10-16 02:36:51.888118,2025-10-16 02:36:51.888129,2025-10-16 02:36:51.878536
15ace2d6-c7db-4abd-8979-01568e9214e3,person_171,369,148,404,237,"0.704547584056854",2025-10-16 02:36:48.948765,2025-10-16 02:36:48.948776,2025-10-16 02:36:48.933332
c4a863c8-c5cb-4c7a-95b8-bda9db649205,person_171,367,151,393,235,"0.54847377538681",2025-10-16 02:36:53.660594,2025-10-16 02:36:53.660605,2025-10-16 02:36:53.6449
b48eab0d-24e7-4820-87a1-d5abf3e44207,person_171,368,145,396,232,"0.622254431247711",2025-10-16 02:36:57.34961,2025-10-16 02:36:57.349631,2025-10-16 02:36:57.336321
2075370a-c8c1-4b14-a8b9-8152a60226f6,person_171,368,150,395,238,"0.627932071685791",2025-10-16 02:36:47.675823,2025-10-16 02:36:47.675844,2025-10-16 02:36:47.659933
6ae810d3-d332-498b-aee7-95b14161103e,person_171,373,142,403,232,"0.696238398551941",2025-10-16 02:36:58.552876,2025-10-16 02:36:58.552886,2025-10-16 02:36:58.542544
d76b10ba-f9df-4a01-99a7-0141a86c93e1,person_171,354,148,385,235,"0.720250725746155",2025-10-16 02:36:46.531926,2025-10-16 02:36:46.531937,2025-10-16 02:36:46.515634
ee8b17d9-0171-4b3b-97f9-7310a818b227,person_171,364,148,399,229,"0.651016592979431",2025-10-16 02:36:42.8972,2025-10-16 02:36:42.897217,2025-10-16 02:36:42.886177
97d0c580-0807-43d7-9176-986ca9d019a9,person_171,368,147,406,237,"0.682166337966919",2025-10-16 02:36:50.655025,2025-10-16 02:36:50.655034,2025-10-16 02:36:50.640062
78d0df89-a09a-42ca-ace7-cfe7aaf39641,person_174,377,238,461,410,"0.781316101551056",2025-10-16 02:36:43.012166,2025-10-16 02:36:43.012178,2025-10-16 02:36:43.008659
d711e057-9f02-43df-b9a8-1633401a7e0e,person_175,346,145,376,234,"0.60524594783783",2025-10-16 02:36:44.250963,2025-10-16 02:36:44.250979,2025-10-16 02:36:44.246465
598184c4-c161-4ec7-a4fd-d807b67a19f3,person_175,344,146,370,237,"0.65610671043396",2025-10-16 02:36:45.306383,2025-10-16 02:36:45.306394,2025-10-16 02:36:45.291366
c2786edb-b8d4-478f-97cf-73672ebd113a,person_178,98,220,152,334,"0.556256473064423",2025-10-16 02:36:52.1154,2025-10-16 02:36:52.115411,2025-10-16 02:36:52.112278
34004a36-f02c-4b15-8e81-a19504b20924,person_18,512,312,612,417,"0.550061762332916",2025-10-16 02:33:19.028607,2025-10-16 02:33:19.028623,2025-10-16 02:33:19.024692
35ce7582-26df-4cdf-8103-5d75ae48f432,person_18,533,282,615,415,"0.630226671695709",2025-10-16 02:33:21.624148,2025-10-16 02:33:21.624164,2025-10-16 02:33:21.600383
2307f4a1-de92-4415-996e-709333030c8b,person_18,483,303,583,419,"0.700830459594727",2025-10-16 02:33:20.161801,2025-10-16 02:33:20.16182,2025-10-16 02:33:20.157697
82a1492e-69a1-4211-b93f-47e6b33c98f6,person_180,64,138,107,249,"0.75206732749939",2025-10-16 02:36:57.355993,2025-10-16 02:36:57.356161,2025-10-16 02:36:57.336331
33e8749b-97b1-4e71-9371-bacf9c5937ea,person_180,45,133,78,232,"0.505435526371002",2025-10-16 02:36:58.559336,2025-10-16 02:36:58.559347,2025-10-16 02:36:58.542551
6d7bc95e-3585-4088-b586-ee699cbabf36,person_180,42,129,67,217,"0.521407008171082",2025-10-16 02:36:59.814981,2025-10-16 02:36:59.814992,2025-10-16 02:36:59.799504
77ca550d-a098-4e15-8570-91794b9a7704,person_181,140,164,190,303,"0.869599103927612",2025-10-16 02:36:57.469765,2025-10-16 02:36:57.469779,2025-10-16 02:36:57.465843
fb69be76-79eb-4217-8ef8-e6a5d77be585,person_181,133,149,180,275,"0.872810781002045",2025-10-16 02:36:58.565278,2025-10-16 02:36:58.565288,2025-10-16 02:36:58.542557
c15d058f-d633-4dc7-9806-27a13b4f33b6,person_182,90,130,120,214,"0.797337830066681",2025-10-16 02:37:02.981266,2025-10-16 02:37:02.981278,2025-10-16 02:37:02.971574
95257d99-fa64-4cc0-af48-46d8e68ba518,person_182,108,134,143,232,"0.832598328590393",2025-10-16 02:37:00.463545,2025-10-16 02:37:00.463573,2025-10-16 02:37:00.459557
152aa2c1-eeb1-40cd-b515-f56c259578ed,person_182,105,132,137,222,"0.81469988822937",2025-10-16 02:37:01.692304,2025-10-16 02:37:01.692316,2025-10-16 02:37:01.675785
49814f5f-97ce-4b7f-9ebc-01265d95eb18,person_183,311,146,335,220,"0.616598665714264",2025-10-16 02:37:05.469215,2025-10-16 02:37:05.469235,2025-10-16 02:37:05.449142
b5e0269c-a187-4a6f-ad43-3fc2fa64c818,person_183,341,145,370,232,"0.695578932762146",2025-10-16 02:37:01.697592,2025-10-16 02:37:01.697602,2025-10-16 02:37:01.67579
1c533a6d-5b96-4e55-97a0-e932c5e97e93,person_183,344,154,374,232,"0.558931410312653",2025-10-16 02:37:00.475714,2025-10-16 02:37:00.475725,2025-10-16 02:37:00.459565
7143a3de-a1ad-4e8a-b0fc-80a71dd140a6,person_183,325,147,350,221,"0.59340488910675",2025-10-16 02:37:04.204483,2025-10-16 02:37:04.204493,2025-10-16 02:37:04.192443
7a06f2b5-6696-4123-9889-03d9ffb144df,person_183,310,135,334,220,"0.552751541137695",2025-10-16 02:37:06.811128,2025-10-16 02:37:06.811142,2025-10-16 02:37:06.807578
d0514190-d47e-42de-a829-2a1ca141def6,person_183,311,136,334,220,"0.566665291786194",2025-10-16 02:37:08.081499,2025-10-16 02:37:08.081518,2025-10-16 02:37:08.07646
d405c379-0ace-4a2c-856f-193e2d522c7f,person_183,311,135,336,220,"0.698571264743805",2025-10-16 02:37:09.322174,2025-10-16 02:37:09.322184,2025-10-16 02:37:09.306659
bd0fbe15-e4ba-491a-83f3-2ef0efae5baa,person_183,313,140,336,220,"0.568935751914978",2025-10-16 02:37:10.59356,2025-10-16 02:37:10.593572,2025-10-16 02:37:10.576776
760a84f6-2805-4925-9970-43888f67493e,person_183,313,133,345,220,"0.563216269016266",2025-10-16 02:37:11.82778,2025-10-16 02:37:11.82779,2025-10-16 02:37:11.812266
618a47af-f1d3-41fe-b9b0-4e340245e7ba,person_183,337,150,369,227,"0.652154684066772",2025-10-16 02:37:02.986596,2025-10-16 02:37:02.986606,2025-10-16 02:37:02.971581
99178287-2210-46ad-bc67-f3c3069b635a,person_186,62,130,88,205,"0.678135991096497",2025-10-16 02:37:04.324123,2025-10-16 02:37:04.324134,2025-10-16 02:37:04.320159
9e11cb8a-52d5-4e70-9510-6e36aadf8156,person_187,452,143,479,211,"0.581221580505371",2025-10-16 02:37:21.999412,2025-10-16 02:37:21.999423,2025-10-16 02:37:21.989585
e6dcd17b-1838-4474-8b3b-7764f38c8f8a,person_187,453,142,481,211,"0.50365149974823",2025-10-16 02:37:20.332091,2025-10-16 02:37:20.332102,2025-10-16 02:37:20.320193
"0fa6a4dd-2e33-43dc-950a-5e4aecdd9cc3",person_187,450,137,480,213,"0.602483868598938",2025-10-16 02:37:07.97054,2025-10-16 02:37:07.97055,2025-10-16 02:37:07.955255
5b890161-faa7-40d4-82d7-d7286b0e4baf,person_187,454,147,480,211,"0.574631154537201",2025-10-16 02:37:17.838677,2025-10-16 02:37:17.838687,2025-10-16 02:37:17.822864
bf1ba9c9-4652-45c1-aac2-b08c35c74ec4,person_187,454,148,480,211,"0.515953540802002",2025-10-16 02:37:15.099537,2025-10-16 02:37:15.099548,2025-10-16 02:37:15.081993
c92740aa-171a-42f2-8499-6a0a249320f6,person_187,445,140,473,214,"0.502789795398712",2025-10-16 02:37:05.593724,2025-10-16 02:37:05.593745,2025-10-16 02:37:05.590187
647fc8f8-ac3a-4ac8-a50b-e8be8173a189,person_187,457,142,477,215,"0.531740009784698",2025-10-16 02:37:24.968882,2025-10-16 02:37:24.968893,2025-10-16 02:37:24.956245
5dd915e5-27de-463b-a14c-29a893b26445,person_187,454,145,484,212,"0.617011249065399",2025-10-16 02:37:10.598745,2025-10-16 02:37:10.598755,2025-10-16 02:37:10.576783
400fbcd3-6125-4900-b9b0-ace0015b02b1,person_187,457,143,485,211,"0.593288898468018",2025-10-16 02:37:23.960572,2025-10-16 02:37:23.960583,2025-10-16 02:37:23.945084
64251468-5ecd-4bf1-87ee-39f9de894a6c,person_188,113,122,146,213,"0.728301644325256",2025-10-16 02:37:11.834484,2025-10-16 02:37:11.834495,2025-10-16 02:37:11.812276
932a192a-819c-458a-81c7-c254c2e200ba,person_188,99,123,130,201,"0.788691818714142",2025-10-16 02:37:10.60378,2025-10-16 02:37:10.603789,2025-10-16 02:37:10.576788
b40f437a-e662-46a9-9ff9-6c37841d8812,person_188,94,122,122,193,"0.573900282382965",2025-10-16 02:37:09.441449,2025-10-16 02:37:09.441464,2025-10-16 02:37:09.437382
ed6fc6d0-497b-45e0-82a0-07a1e5956497,person_188,85,122,109,185,"0.551340639591217",2025-10-16 02:37:08.088642,2025-10-16 02:37:08.088654,2025-10-16 02:37:08.076474
7d18a551-c484-4262-a948-c22835b0edc9,person_19,272,146,308,245,"0.631876111030579",2025-10-16 02:33:19.042871,2025-10-16 02:33:19.042882,2025-10-16 02:33:19.024699
85d4cd4c-af71-4cd1-9ba0-77225bca018c,person_191,155,140,184,218,"0.635938942432404",2025-10-16 02:37:12.508053,2025-10-16 02:37:12.508065,2025-10-16 02:37:12.504552
431b2996-f6e4-41c7-8756-9f88a63d2d3e,person_191,136,132,182,238,"0.817471444606781",2025-10-16 02:37:13.83254,2025-10-16 02:37:13.832551,2025-10-16 02:37:13.820325
84b1dae3-5c2b-4f1b-8bfd-9fc293b5f621,person_192,329,131,365,231,"0.658918142318726",2025-10-16 02:38:49.902794,2025-10-16 02:38:49.902817,2025-10-16 02:38:49.888017
72b2cfdf-ca16-4aed-9060-cc19d56f3aea,person_192,342,140,366,223,"0.653906404972076",2025-10-16 02:37:15.107,2025-10-16 02:37:15.107011,2025-10-16 02:37:15.082011
515aaf33-d44e-452e-a12a-3b1ddd7c4594,person_192,335,141,364,222,"0.742292642593384",2025-10-16 02:37:19.443164,2025-10-16 02:37:19.443178,2025-10-16 02:37:19.438926
21a2a2bf-572a-43da-8122-7b5bf7ea40ab,person_192,333,133,366,222,"0.695703983306885",2025-10-16 02:37:21.180739,2025-10-16 02:37:21.180753,2025-10-16 02:37:21.177935
7391851e-1a7c-41b1-96a0-1d1a278fe1f9,person_192,334,128,379,221,"0.733764708042145",2025-10-16 02:37:24.974332,2025-10-16 02:37:24.974355,2025-10-16 02:37:24.956257
23c92a2a-3923-4354-9bcb-5d126fc44c87,person_192,330,125,373,221,"0.55238676071167",2025-10-16 02:37:29.967864,2025-10-16 02:37:29.967875,2025-10-16 02:37:29.950714
b3f9d3a5-276d-41d4-9d12-8b35e676fd8c,person_192,331,142,368,220,"0.666580975055695",2025-10-16 02:37:30.980726,2025-10-16 02:37:30.980737,2025-10-16 02:37:30.969657
a8935c5b-a1c7-43a5-a066-cb8b4752b465,person_192,332,124,367,222,"0.708421170711517",2025-10-16 02:37:32.000245,2025-10-16 02:37:32.000255,2025-10-16 02:37:31.990403
ebc7837f-3068-4be9-8c11-a715e6e3e725,person_192,330,129,364,223,"0.704988539218903",2025-10-16 02:37:34.160792,2025-10-16 02:37:34.160802,2025-10-16 02:37:34.151084
f3f57aa9-526a-4c4e-a7da-c38e7e2e2ada,person_192,331,128,369,223,"0.67591118812561",2025-10-16 02:37:35.427799,2025-10-16 02:37:35.42782,2025-10-16 02:37:35.410936
"0f5c7b17-5266-429f-8fa0-87b80704b97c",person_192,329,140,369,224,"0.631041169166565",2025-10-16 02:37:37.468048,2025-10-16 02:37:37.468076,2025-10-16 02:37:37.455133
fbde1f75-1d84-4bfb-84db-2fdce8f2dde9,person_192,344,138,369,225,"0.626925051212311",2025-10-16 02:37:39.415861,2025-10-16 02:37:39.415872,2025-10-16 02:37:39.406455
a47828b2-2102-44c9-881d-3194bd8e82a7,person_192,351,142,383,229,"0.578195631504059",2025-10-16 02:37:40.745753,2025-10-16 02:37:40.745763,2025-10-16 02:37:40.730238
43aa7481-8e07-4fde-9e07-946fa0662a50,person_192,359,145,386,230,"0.619593858718872",2025-10-16 02:37:42.051109,2025-10-16 02:37:42.051124,2025-10-16 02:37:42.034677
10940269-091b-4eae-8432-0045851abe34,person_192,358,148,387,230,"0.564737856388092",2025-10-16 02:37:44.158649,2025-10-16 02:37:44.158659,2025-10-16 02:37:44.147093
80896831-6ff3-4177-82bc-b1187db210ce,person_192,358,148,385,231,"0.669396042823792",2025-10-16 02:37:45.499279,2025-10-16 02:37:45.49929,2025-10-16 02:37:45.482059
ce014521-76cb-44bf-aa8b-bfa5bc9aa75c,person_192,358,141,387,229,"0.642224431037903",2025-10-16 02:37:46.896865,2025-10-16 02:37:46.896876,2025-10-16 02:37:46.886494
1aba748d-ed4b-4436-8865-ddb971b01356,person_192,354,144,385,230,"0.659346759319305",2025-10-16 02:37:48.420038,2025-10-16 02:37:48.420065,2025-10-16 02:37:48.416353
"079f8b0d-737c-4951-9da5-776f6c5d6859",person_192,348,129,385,229,"0.580203831195831",2025-10-16 02:37:49.783383,2025-10-16 02:37:49.783396,2025-10-16 02:37:49.773282
5f2a7e4f-abee-493f-8963-0d692b3f2ef8,person_192,348,132,385,229,"0.508054554462433",2025-10-16 02:37:51.234069,2025-10-16 02:37:51.234081,2025-10-16 02:37:51.223983
bfdbbe05-d16b-4578-9c2e-ec1027ff3264,person_192,350,130,385,229,"0.534487545490265",2025-10-16 02:37:52.668774,2025-10-16 02:37:52.668785,2025-10-16 02:37:52.65729
8e0dd5ac-feea-4cda-8bf9-a1ec98ada4fc,person_192,348,134,386,230,"0.52198588848114",2025-10-16 02:37:55.344903,2025-10-16 02:37:55.344931,2025-10-16 02:37:55.340985
403c0c5f-d945-4c84-8072-c5ec5637a0bd,person_192,353,143,386,229,"0.514145076274872",2025-10-16 02:37:57.008067,2025-10-16 02:37:57.008082,2025-10-16 02:37:57.004503
b79b5a4e-8aef-4672-8d4b-ce321d3eae35,person_192,358,145,386,229,"0.610606789588928",2025-10-16 02:37:58.968942,2025-10-16 02:37:58.968959,2025-10-16 02:37:58.96524
e31596a4-8c01-4d4d-bfe0-feddbc6cb260,person_192,357,144,387,231,"0.581857323646545",2025-10-16 02:38:00.001363,2025-10-16 02:38:00.001374,2025-10-16 02:37:59.981926
a9df6947-e469-48c9-8523-e4cdc517aa3d,person_192,356,138,386,230,"0.62678200006485",2025-10-16 02:38:01.081826,2025-10-16 02:38:01.081846,2025-10-16 02:38:01.06766
42d16e5d-6ffb-497f-a753-917b3386eadc,person_192,356,143,387,231,"0.670722901821136",2025-10-16 02:38:04.006091,2025-10-16 02:38:04.006105,2025-10-16 02:38:03.993571
42cd7dfa-dae4-425e-8923-7df35f5495e3,person_192,356,140,386,230,"0.528669476509094",2025-10-16 02:38:05.014806,2025-10-16 02:38:05.014817,2025-10-16 02:38:04.999972
b5a538ab-dada-467f-8480-fbb9e14f3654,person_192,336,123,378,232,"0.617964506149292",2025-10-16 02:38:06.992221,2025-10-16 02:38:06.992233,2025-10-16 02:38:06.974164
7dc566d4-f15c-465a-ae69-f1d2fab34baa,person_192,333,139,371,234,"0.727254867553711",2025-10-16 02:38:08.012931,2025-10-16 02:38:08.012942,2025-10-16 02:38:08.002334
8aec55b0-f633-456b-949a-52129cc15729,person_192,333,141,367,235,"0.626581132411957",2025-10-16 02:38:10.29426,2025-10-16 02:38:10.294324,2025-10-16 02:38:10.273659
e613fdf3-c10b-4e07-91aa-63e969eb589c,person_192,332,143,370,234,"0.627057552337646",2025-10-16 02:38:11.671306,2025-10-16 02:38:11.67132,2025-10-16 02:38:11.660059
8b50e343-0630-48a7-a7d9-10339922b5db,person_192,328,143,370,233,"0.655865550041199",2025-10-16 02:38:13.261612,2025-10-16 02:38:13.261637,2025-10-16 02:38:13.248481
22a14c7e-89d4-4773-a9ee-f528c5cee169,person_192,333,144,367,234,"0.635735750198364",2025-10-16 02:38:14.693677,2025-10-16 02:38:14.693688,2025-10-16 02:38:14.676999
9a74da0e-6b03-4e57-be33-22d60788f91a,person_192,341,140,372,230,"0.588703751564026",2025-10-16 02:38:16.794259,2025-10-16 02:38:16.794271,2025-10-16 02:38:16.777246
21ed166e-926b-4071-b9a8-91d2c0c401ed,person_192,333,128,369,231,"0.66064441204071",2025-10-16 02:38:18.823872,2025-10-16 02:38:18.823882,2025-10-16 02:38:18.813149
23ecaac0-e45f-4ffd-8356-bb332005be18,person_192,334,129,367,231,"0.659937679767609",2025-10-16 02:38:21.007635,2025-10-16 02:38:21.007644,2025-10-16 02:38:20.998924
52f632cd-586a-46ae-8d57-c054495f3040,person_192,334,127,368,230,"0.732961893081665",2025-10-16 02:38:22.420641,2025-10-16 02:38:22.420651,2025-10-16 02:38:22.410517
"0a986144-0335-4c1f-b4a9-8b5cb6e57813",person_192,333,126,369,231,"0.743695080280304",2025-10-16 02:38:24.618885,2025-10-16 02:38:24.618895,2025-10-16 02:38:24.603831
e79900da-51f0-4d70-945b-8f3216d89a53,person_192,338,128,369,231,"0.684146344661713",2025-10-16 02:38:26.798206,2025-10-16 02:38:26.798217,2025-10-16 02:38:26.788629
"080ec783-1f36-4dbf-96bb-cd70b6623ac6",person_192,334,138,374,231,"0.525892376899719",2025-10-16 02:38:28.232522,2025-10-16 02:38:28.232532,2025-10-16 02:38:28.216418
990ae1be-bef0-4749-942f-b308d3ec2d89,person_192,336,124,371,229,"0.685858309268951",2025-10-16 02:38:29.677613,2025-10-16 02:38:29.677623,2025-10-16 02:38:29.664728
66d140b0-c3b5-495c-b2ae-27152db77869,person_192,335,124,370,230,"0.623977541923523",2025-10-16 02:38:31.140288,2025-10-16 02:38:31.140299,2025-10-16 02:38:31.130134
1d89ed4f-e05e-41e1-b664-16c66b1716cc,person_192,337,125,371,230,"0.646749556064606",2025-10-16 02:38:32.601342,2025-10-16 02:38:32.601351,2025-10-16 02:38:32.590481
9d706024-f9ba-47d8-b5fa-e02bc11ebf17,person_192,336,126,372,231,"0.658337652683258",2025-10-16 02:38:34.219494,2025-10-16 02:38:34.219516,2025-10-16 02:38:34.205372
42259d69-dc12-4abc-9e5d-537e98c0de6c,person_192,336,124,370,230,"0.648995578289032",2025-10-16 02:38:36.045477,2025-10-16 02:38:36.045486,2025-10-16 02:38:36.035208
7c309d4f-0128-4363-a4b3-045beb1812dc,person_192,337,140,367,229,"0.641032159328461",2025-10-16 02:38:37.620346,2025-10-16 02:38:37.620355,2025-10-16 02:38:37.609692
48004da0-1bfe-4387-97aa-625d8e115ec0,person_192,329,145,362,231,"0.730840802192688",2025-10-16 02:38:39.895454,2025-10-16 02:38:39.895473,2025-10-16 02:38:39.879059
9d126ea5-ecad-4118-8cd9-c23ce555b958,person_192,328,145,359,230,"0.655809640884399",2025-10-16 02:38:41.509218,2025-10-16 02:38:41.509228,2025-10-16 02:38:41.495992
62d7e855-2248-4931-bbc0-8115e6305783,person_192,328,142,360,230,"0.606855571269989",2025-10-16 02:38:43.040169,2025-10-16 02:38:43.040178,2025-10-16 02:38:43.025128
9a7623a2-28ff-41d5-ad64-63384948ac90,person_192,328,140,361,229,"0.611411213874817",2025-10-16 02:38:44.551049,2025-10-16 02:38:44.551059,2025-10-16 02:38:44.536191
e0f360a3-fe42-4260-9bde-c83ef230f994,person_192,332,152,359,229,"0.573412895202637",2025-10-16 02:38:46.030897,2025-10-16 02:38:46.030907,2025-10-16 02:38:46.015457
a18d2a94-5675-4306-b88b-9c6b9de3dc89,person_192,333,148,360,228,"0.627293407917023",2025-10-16 02:38:47.672741,2025-10-16 02:38:47.672752,2025-10-16 02:38:47.661368
c54d5440-c128-44bc-835c-090962820468,person_193,164,137,211,259,"0.778038859367371",2025-10-16 02:37:15.223093,2025-10-16 02:37:15.223109,2025-10-16 02:37:15.21888
"00c19fb2-a956-4eb3-9f0e-ee122ab37fea",person_194,188,153,251,303,"0.859372735023499",2025-10-16 02:37:16.647461,2025-10-16 02:37:16.64748,2025-10-16 02:37:16.643591
acab88a7-16cc-40ce-9ebb-2dac386a9dd7,person_195,264,179,293,293,"0.555435955524445",2025-10-16 02:37:16.654459,2025-10-16 02:37:16.654486,2025-10-16 02:37:16.643598
eeceed5a-6862-4a8e-9ea9-3e84bb3fd1e6,person_197,280,192,361,387,"0.761709034442902",2025-10-16 02:37:18.696211,2025-10-16 02:37:18.696223,2025-10-16 02:37:18.692366
d148edae-0fb0-43f5-971a-2840bdfc9ecf,person_2,97,123,122,205,"0.505606353282928",2025-10-16 02:33:04.787502,2025-10-16 02:33:04.787523,2025-10-16 02:33:04.783294
"0808e748-e073-4a91-8f2b-08bfdedd2935",person_2,383,275,477,415,"0.80251407623291",2025-10-16 02:32:57.952344,2025-10-16 02:32:57.952356,2025-10-16 02:32:57.905939
b3467502-d896-491b-a814-1c831ef537a2,person_2,182,170,225,301,"0.770111680030823",2025-10-16 02:33:00.100848,2025-10-16 02:33:00.100871,2025-10-16 02:33:00.087522
"04d70e68-4515-488a-8ce4-5aca8edc9b3b",person_2,109,134,133,213,"0.745285987854004",2025-10-16 02:33:03.608569,2025-10-16 02:33:03.6086,2025-10-16 02:33:03.604721
17cd124c-68a9-4f92-af3c-a06f09fc3e6f,person_2,122,140,151,230,"0.643881380558014",2025-10-16 02:33:02.460762,2025-10-16 02:33:02.460777,2025-10-16 02:33:02.457088
3d76ab2c-ecc9-426f-b0b6-cb5e2c1037e1,person_2,281,206,342,375,"0.84564620256424",2025-10-16 02:32:59.041143,2025-10-16 02:32:59.041154,2025-10-16 02:32:59.020631
f6649436-238e-4844-8ccf-ccb284ad6ac1,person_2,96,128,118,193,"0.713150501251221",2025-10-16 02:33:05.971001,2025-10-16 02:33:05.971026,2025-10-16 02:33:05.967358
2332e25e-9ef2-4c84-b068-f4b786b11df5,person_2,93,121,112,188,"0.639320969581604",2025-10-16 02:33:07.195177,2025-10-16 02:33:07.195205,2025-10-16 02:33:07.191495
db483e08-cb9d-425f-a2ee-efbb769b2fa1,person_2,144,152,179,261,"0.783060848712921",2025-10-16 02:33:01.155664,2025-10-16 02:33:01.15568,2025-10-16 02:33:01.143797
66044a27-8589-44b8-aff7-3f2a3f453c4f,person_201,231,134,255,221,"0.551024675369263",2025-10-16 02:37:24.979868,2025-10-16 02:37:24.979879,2025-10-16 02:37:24.956279
b6286827-cd93-4e81-847f-fd29d610bde8,person_202,204,132,237,227,"0.547193348407745",2025-10-16 02:37:24.985708,2025-10-16 02:37:24.985718,2025-10-16 02:37:24.956287
c2753090-32da-44fe-8e57-e6f0c381997e,person_206,310,233,373,394,"0.779437839984894",2025-10-16 02:37:29.973774,2025-10-16 02:37:29.973785,2025-10-16 02:37:29.950742
ff1f0c0b-17ff-4349-ab88-b7c1216a3d07,person_207,135,183,198,315,"0.541731238365173",2025-10-16 02:37:34.272272,2025-10-16 02:37:34.272284,2025-10-16 02:37:34.268396
de9cb91e-21b6-4785-8e4a-b0e03d274fe3,person_207,149,188,202,283,"0.51333487033844",2025-10-16 02:37:32.972468,2025-10-16 02:37:32.972478,2025-10-16 02:37:32.968319
8dec0d51-9310-4331-966e-98fce860f380,person_207,147,175,200,289,"0.685222923755646",2025-10-16 02:37:37.474649,2025-10-16 02:37:37.474664,2025-10-16 02:37:37.455139
"019954c2-4494-4015-9c62-8d18dca4f3e5",person_207,148,186,201,318,"0.537739872932434",2025-10-16 02:37:30.986498,2025-10-16 02:37:30.986509,2025-10-16 02:37:30.969712
fa2f8038-2da3-465c-be30-db2bf68888b7,person_207,149,175,206,290,"0.646010220050812",2025-10-16 02:37:35.433241,2025-10-16 02:37:35.433252,2025-10-16 02:37:35.410941
c9bebf35-1b27-42a5-aa8b-efb6c0af82be,person_207,149,187,200,317,"0.684442043304443",2025-10-16 02:37:29.979396,2025-10-16 02:37:29.979406,2025-10-16 02:37:29.950747
35ab352c-7c0b-4654-9f4c-a6865338ce6d,person_207,151,187,204,316,"0.680549681186676",2025-10-16 02:37:26.955403,2025-10-16 02:37:26.955429,2025-10-16 02:37:26.952524
1129324a-0cbe-4417-90ae-8d89fa0fd23b,person_209,262,207,320,359,"0.819853484630585",2025-10-16 02:37:30.992253,2025-10-16 02:37:30.992263,2025-10-16 02:37:30.969725
34295b6d-e587-43b4-9175-14dac57f1c6d,person_210,225,186,272,315,"0.756910800933838",2025-10-16 02:37:32.005351,2025-10-16 02:37:32.00536,2025-10-16 02:37:31.990437
d48e8049-1a95-4601-87e3-b23618015b09,person_212,100,150,125,235,"0.603612184524536",2025-10-16 02:37:36.213736,2025-10-16 02:37:36.213751,2025-10-16 02:37:36.209903
847c1f5e-809d-4afc-b922-e56706d41378,person_214,80,179,116,290,"0.668494641780853",2025-10-16 02:37:42.780299,2025-10-16 02:37:42.780313,2025-10-16 02:37:42.77679
8ff3d684-3359-46f3-83ab-792d4d98b7e9,person_215,63,138,89,216,"0.694287955760956",2025-10-16 02:37:52.675754,2025-10-16 02:37:52.675769,2025-10-16 02:37:52.657297
4651d011-a85e-44f6-b5ed-17fce206cc26,person_215,59,158,97,280,"0.716638803482056",2025-10-16 02:37:44.274423,2025-10-16 02:37:44.274434,2025-10-16 02:37:44.271003
"024a2332-450e-4022-bf52-3f2d93c48ca2",person_215,58,158,92,272,"0.81099534034729",2025-10-16 02:37:45.505063,2025-10-16 02:37:45.505073,2025-10-16 02:37:45.482071
2c3544c5-efef-434b-a3c0-89fcd30bba01,person_215,59,151,98,261,"0.859201371669769",2025-10-16 02:37:46.902945,2025-10-16 02:37:46.902967,2025-10-16 02:37:46.886505
143abb3f-7762-4b2b-bd64-d51c7ae429eb,person_215,57,149,97,246,"0.624963879585266",2025-10-16 02:37:48.313319,2025-10-16 02:37:48.313329,2025-10-16 02:37:48.303785
776e9bc7-5b74-406e-bad9-3230e6e1ba50,person_215,51,145,86,233,"0.663586139678955",2025-10-16 02:37:49.789283,2025-10-16 02:37:49.789301,2025-10-16 02:37:49.773288
96ea3c34-9db6-4b43-8d05-ab14bc4b28ba,person_215,66,132,90,207,"0.605664491653442",2025-10-16 02:37:54.45218,2025-10-16 02:37:54.452204,2025-10-16 02:37:54.441694
15bc37f4-815c-4b46-9da1-ae0478e322bc,person_215,68,130,89,198,"0.623049557209015",2025-10-16 02:37:56.105118,2025-10-16 02:37:56.105129,2025-10-16 02:37:56.09465
b5aa6903-148d-4935-86bc-776f198ffad1,person_215,71,123,88,192,"0.620051205158234",2025-10-16 02:37:57.996588,2025-10-16 02:37:57.996598,2025-10-16 02:37:57.98661
55d6bc2a-9334-4eff-bf14-a5a245628164,person_217,440,142,465,215,"0.583098769187927",2025-10-16 02:38:08.01856,2025-10-16 02:38:08.018577,2025-10-16 02:38:08.002349
e04040b6-d816-4a35-b69b-10eb1f5fe358,person_217,439,140,465,215,"0.532888948917389",2025-10-16 02:38:10.300672,2025-10-16 02:38:10.300692,2025-10-16 02:38:10.273665
9314d693-8023-40ed-9f00-bfd16d40d800,person_217,440,143,465,214,"0.528249859809875",2025-10-16 02:38:06.00083,2025-10-16 02:38:06.000845,2025-10-16 02:38:05.997517
"0d104932-a73a-426a-baac-7be2974c27e3",person_218,437,141,467,215,"0.536190450191498",2025-10-16 02:38:19.062956,2025-10-16 02:38:19.062967,2025-10-16 02:38:19.059111
46a218ae-cf2b-4033-81eb-3b246fde097a,person_218,439,140,467,214,"0.610577583312988",2025-10-16 02:38:22.426089,2025-10-16 02:38:22.426099,2025-10-16 02:38:22.410523
e579f4f5-0692-47e4-aa72-5fd4b949755c,person_218,440,148,465,213,"0.541864812374115",2025-10-16 02:38:24.624057,2025-10-16 02:38:24.624068,2025-10-16 02:38:24.603836
fec88a76-47de-4491-bfb5-1439d1640c79,person_218,437,141,466,215,"0.513930797576904",2025-10-16 02:38:14.931915,2025-10-16 02:38:14.931931,2025-10-16 02:38:14.928236
64e43b43-b232-4268-80fe-6d814d97c0b4,person_218,440,142,465,215,"0.624629020690918",2025-10-16 02:38:16.800733,2025-10-16 02:38:16.800763,2025-10-16 02:38:16.777252
a02d5b84-512a-4fac-a75e-594d50d7f6d8,person_219,343,134,372,230,"0.593030035495758",2025-10-16 02:38:31.146489,2025-10-16 02:38:31.146511,2025-10-16 02:38:31.130141
6d04c4a6-9a82-41cb-b825-7687fcf5d986,person_219,343,134,372,230,"0.50457102060318",2025-10-16 02:38:29.792063,2025-10-16 02:38:29.792074,2025-10-16 02:38:29.788763
"056c07f7-c675-4da6-8c82-df3a16dc9ba5",person_222,415,152,478,277,"0.707446992397308",2025-10-16 02:38:32.715195,2025-10-16 02:38:32.715205,2025-10-16 02:38:32.711803
d20366d0-190f-481a-828e-d691d902a0f3,person_222,390,148,448,269,"0.523758232593536",2025-10-16 02:38:34.227233,2025-10-16 02:38:34.227245,2025-10-16 02:38:34.205387
9b66b3a4-9716-4e6c-9a9f-0121bc8abc83,person_225,342,140,370,229,"0.668785214424133",2025-10-16 02:38:36.842897,2025-10-16 02:38:36.842908,2025-10-16 02:38:36.839409
"07c57c5d-b008-4fdc-bb61-122230a7ef7a",person_226,167,120,209,196,"0.641802906990051",2025-10-16 02:38:38.38792,2025-10-16 02:38:38.387934,2025-10-16 02:38:38.383567
eae72458-52c0-4e73-9142-e9f38e644d43,person_227,136,115,172,182,"0.656417369842529",2025-10-16 02:38:40.007518,2025-10-16 02:38:40.007532,2025-10-16 02:38:40.002195
dcf415cb-ca12-4c3f-bae0-910cf1025e99,person_23,314,153,389,331,"0.748695075511932",2025-10-16 02:33:24.264129,2025-10-16 02:33:24.264143,2025-10-16 02:33:24.260535
4fc86dcb-8ee7-4667-a52c-bc47941dcf3c,person_23,199,127,236,217,"0.514832377433777",2025-10-16 02:33:27.754058,2025-10-16 02:33:27.754069,2025-10-16 02:33:27.743843
5ca7c088-f82f-43bb-8871-796aaf6100a8,person_23,239,135,280,246,"0.600566148757935",2025-10-16 02:33:26.496872,2025-10-16 02:33:26.496896,2025-10-16 02:33:26.479606
ad1aa335-67a8-4607-9126-36fbbe84132a,person_23,275,142,315,267,"0.807533740997314",2025-10-16 02:33:25.472736,2025-10-16 02:33:25.47275,2025-10-16 02:33:25.467056
d5e39e70-178a-4fe3-816b-195699def367,person_23,335,183,384,338,"0.745574951171875",2025-10-16 02:33:23.240426,2025-10-16 02:33:23.240436,2025-10-16 02:33:23.235377
48a8cc6c-2c22-4bc0-ba16-e6009e835f70,person_23,387,250,489,418,"0.769833505153656",2025-10-16 02:33:21.630214,2025-10-16 02:33:21.630225,2025-10-16 02:33:21.600397
7f2c74d9-2f51-4c31-b386-f45f21404c0c,person_230,442,146,466,214,"0.525388836860657",2025-10-16 02:38:43.046175,2025-10-16 02:38:43.046185,2025-10-16 02:38:43.025142
d59225da-236d-43d6-9e02-e8163d050b90,person_230,443,146,465,214,"0.519575357437134",2025-10-16 02:38:52.911064,2025-10-16 02:38:52.911075,2025-10-16 02:38:52.895185
6ad04d70-de99-46fa-8531-6fef6ed6676f,person_230,444,148,465,213,"0.505145668983459",2025-10-16 02:38:51.413888,2025-10-16 02:38:51.4139,2025-10-16 02:38:51.396713
80123cfa-c1f0-42c0-8efc-1dbd98281842,person_230,443,147,466,213,"0.581083834171295",2025-10-16 02:38:46.036394,2025-10-16 02:38:46.036404,2025-10-16 02:38:46.015471
341fb371-71c0-443f-baf6-60dff8e1d28a,person_230,444,148,466,214,"0.533528983592987",2025-10-16 02:38:47.678377,2025-10-16 02:38:47.678387,2025-10-16 02:38:47.661374
683bd1a7-cf4a-42f7-ac6f-98832b4e3bdc,person_230,443,143,465,215,"0.59745317697525",2025-10-16 02:38:54.454411,2025-10-16 02:38:54.454422,2025-10-16 02:38:54.438514
bd199350-d96e-4fe4-96d6-9b872a97a252,person_232,353,142,382,231,"0.686495661735535",2025-10-16 02:38:58.203799,2025-10-16 02:38:58.203809,2025-10-16 02:38:58.191948
3150ee51-d605-41d2-9970-66081505ab3d,person_232,360,147,388,236,"0.60520476102829",2025-10-16 02:39:33.830258,2025-10-16 02:39:33.83027,2025-10-16 02:39:33.826749
490cf986-82b7-44d9-b98f-02ba65710618,person_232,343,140,383,233,"0.557895243167877",2025-10-16 02:39:07.547814,2025-10-16 02:39:07.547824,2025-10-16 02:39:07.533162
f3a77ec2-dfb4-4503-a179-f6bc242cf44f,person_232,344,140,383,228,"0.642863631248474",2025-10-16 02:38:51.522176,2025-10-16 02:38:51.52219,2025-10-16 02:38:51.518616
a771e59f-2e9c-4eeb-9380-09ca860fa189,person_232,344,125,384,233,"0.557579815387726",2025-10-16 02:39:05.949459,2025-10-16 02:39:05.949469,2025-10-16 02:39:05.939283
588cea7a-2bcd-4231-a2c3-80dc01ebbdd0,person_232,361,148,387,235,"0.738483726978302",2025-10-16 02:39:22.23364,2025-10-16 02:39:22.233654,2025-10-16 02:39:22.23062
b50b2e24-3f64-4362-b6bd-a2b0833225d3,person_232,341,131,383,232,"0.620522022247314",2025-10-16 02:39:09.262949,2025-10-16 02:39:09.262959,2025-10-16 02:39:09.250416
6fd5f524-f116-4b0e-ba41-9e442f04d036,person_232,363,146,385,233,"0.719378352165222",2025-10-16 02:39:20.488176,2025-10-16 02:39:20.488203,2025-10-16 02:39:20.48504
bc165500-7215-4aaf-8e3c-3e372961cf67,person_232,341,129,382,230,"0.572766125202179",2025-10-16 02:38:52.9174,2025-10-16 02:38:52.91741,2025-10-16 02:38:52.895191
a4986d49-4ab5-42ef-b74d-fdaefa3200bc,person_232,336,129,384,233,"0.697898030281067",2025-10-16 02:39:04.278112,2025-10-16 02:39:04.278124,2025-10-16 02:39:04.2665
61fb7ebe-24c9-4320-b401-03bb32efceb0,person_232,344,133,382,233,"0.618179857730865",2025-10-16 02:39:14.161396,2025-10-16 02:39:14.161413,2025-10-16 02:39:14.15686
e1d76c95-7162-4fb5-b92f-9710a864b0d4,person_232,361,144,387,234,"0.727354764938354",2025-10-16 02:39:18.938898,2025-10-16 02:39:18.938911,2025-10-16 02:39:18.936069
df56ce76-b9b4-4e08-8a87-06f800d5f7a2,person_232,361,148,385,235,"0.54009598493576",2025-10-16 02:39:35.862075,2025-10-16 02:39:35.862087,2025-10-16 02:39:35.858463
73aaadf3-d617-48a7-a99b-9ba622dee4e1,person_232,340,129,381,233,"0.584106922149658",2025-10-16 02:39:10.412837,2025-10-16 02:39:10.412848,2025-10-16 02:39:10.39711
ef052b12-893c-4b59-bd46-649918222268,person_232,360,150,387,235,"0.662446200847626",2025-10-16 02:39:26.904373,2025-10-16 02:39:26.904389,2025-10-16 02:39:26.900896
7884b48c-ab51-46a3-9291-8b851e2925a7,person_232,353,147,387,232,"0.629198014736176",2025-10-16 02:39:17.402753,2025-10-16 02:39:17.402766,2025-10-16 02:39:17.399908
"0eb9530c-5557-4aa8-9a9f-c15f4f1b3ecc",person_232,346,133,383,232,"0.531904995441437",2025-10-16 02:39:15.754502,2025-10-16 02:39:15.754516,2025-10-16 02:39:15.751424
3646aedf-4687-464f-bd14-727e41cc805d,person_232,358,147,387,235,"0.640795946121216",2025-10-16 02:39:31.861188,2025-10-16 02:39:31.861205,2025-10-16 02:39:31.855056
f2cea713-b8ec-4608-b015-20c72cea6753,person_232,361,149,389,234,"0.623668313026428",2025-10-16 02:39:28.789766,2025-10-16 02:39:28.789787,2025-10-16 02:39:28.786046
ab4683c1-e9e0-4a80-9fa4-3ea29e089204,person_232,351,148,379,233,"0.706153631210327",2025-10-16 02:39:40.438003,2025-10-16 02:39:40.438025,2025-10-16 02:39:40.434649
c72888fc-9468-4f2d-8dc1-aaa7e9b9c818,person_232,353,138,383,232,"0.612964153289795",2025-10-16 02:39:01.253301,2025-10-16 02:39:01.253312,2025-10-16 02:39:01.238559
bfb11264-d774-4efc-b44b-01aff1097a6a,person_232,361,143,387,235,"0.634357810020447",2025-10-16 02:39:24.300597,2025-10-16 02:39:24.300611,2025-10-16 02:39:24.297665
806de572-240c-4f96-a802-079678dc71a3,person_232,342,126,380,231,"0.605704426765442",2025-10-16 02:38:54.459745,2025-10-16 02:38:54.459757,2025-10-16 02:38:54.438521
b90febac-f593-412f-a286-09fcdd2d396c,person_232,345,129,383,261,"0.564116299152374",2025-10-16 02:39:02.762249,2025-10-16 02:39:02.76226,2025-10-16 02:39:02.751637
868f394a-8bbd-4406-b0cd-64892bd55cc3,person_232,359,143,384,235,"0.584914267063141",2025-10-16 02:39:36.870848,2025-10-16 02:39:36.870863,2025-10-16 02:39:36.867235
22003a33-fb0f-480f-aa2e-a7d5a530d247,person_232,343,131,377,233,"0.514159560203552",2025-10-16 02:39:12.446081,2025-10-16 02:39:12.446095,2025-10-16 02:39:12.442827
4ecb7206-4468-435d-9cc4-7cec354178d6,person_232,343,126,380,231,"0.6077920794487",2025-10-16 02:38:56.01144,2025-10-16 02:38:56.011449,2025-10-16 02:38:56.001637
2ef72754-023f-4383-b74f-91add94d5ad3,person_233,296,153,340,261,"0.588173031806946",2025-10-16 02:39:02.87648,2025-10-16 02:39:02.876491,2025-10-16 02:39:02.872577
2929de3c-d052-44a6-97ee-494c07efa5a7,person_234,255,113,291,232,"0.514489114284515",2025-10-16 02:39:04.395934,2025-10-16 02:39:04.39595,2025-10-16 02:39:04.391709
96314d7b-08b2-410b-851d-d01442c26a30,person_238,55,201,118,350,"0.920576512813568",2025-10-16 02:39:14.169773,2025-10-16 02:39:14.169784,2025-10-16 02:39:14.156867
5912413e-10f1-4416-be71-cac623a17403,person_238,64,201,119,351,"0.695433616638184",2025-10-16 02:39:12.581854,2025-10-16 02:39:12.581867,2025-10-16 02:39:12.577454
111305ed-9457-4b01-9dd4-ab90fbf5ebed,person_240,0,205,39,296,"0.563845753669739",2025-10-16 02:39:24.538841,2025-10-16 02:39:24.538861,2025-10-16 02:39:24.533442
3c392190-ce1e-4d3f-98b1-f6ae986935e0,person_241,83,243,140,370,"0.592300891876221",2025-10-16 02:39:28.974759,2025-10-16 02:39:28.974784,2025-10-16 02:39:28.970394
"04118391-8755-4391-9b8d-c14cd0bb4008",person_241,42,224,138,388,"0.757231473922729",2025-10-16 02:39:27.064587,2025-10-16 02:39:27.064599,2025-10-16 02:39:27.060245
c5967ed0-313d-4e40-8e67-bfe7ad08080f,person_242,96,212,186,374,"0.871822476387024",2025-10-16 02:41:21.399697,2025-10-16 02:41:21.399719,2025-10-16 02:41:21.396074
efce45d0-2c91-491f-b2dc-d9c5c7468bbf,person_242,99,209,159,371,"0.751038670539856",2025-10-16 02:40:59.850519,2025-10-16 02:40:59.85053,2025-10-16 02:40:59.845174
b4f956d3-d0d5-466e-b2fe-824060a66c7e,person_242,102,210,163,371,"0.822418212890625",2025-10-16 02:41:01.508092,2025-10-16 02:41:01.508103,2025-10-16 02:41:01.505386
8b93ccd3-6ff8-47bb-925d-e7aa6beb67aa,person_242,104,211,165,375,"0.774772167205811",2025-10-16 02:41:03.227245,2025-10-16 02:41:03.227258,2025-10-16 02:41:03.223172
3c3fe8ee-83f7-4c78-98a8-307ba0c3fe16,person_242,107,218,167,376,"0.859251856803894",2025-10-16 02:41:04.296314,2025-10-16 02:41:04.296325,2025-10-16 02:41:04.291817
9acbe9ae-bef9-417d-b8a1-7fe480be2c9c,person_242,106,218,166,376,"0.830946862697601",2025-10-16 02:41:05.87532,2025-10-16 02:41:05.87533,2025-10-16 02:41:05.871186
572fc283-bd43-44c2-ad8a-85e463658e7f,person_242,104,220,166,376,"0.882837891578674",2025-10-16 02:41:07.676511,2025-10-16 02:41:07.676525,2025-10-16 02:41:07.670926
d2c2f65b-d413-4b77-ba0b-04289f2db676,person_242,104,218,167,376,"0.858589053153992",2025-10-16 02:41:09.584832,2025-10-16 02:41:09.584846,2025-10-16 02:41:09.581323
c69556b4-fafc-4ddb-b575-b26e22efd2f3,person_242,107,216,166,377,"0.625577032566071",2025-10-16 02:41:11.354994,2025-10-16 02:41:11.35501,2025-10-16 02:41:11.350447
b9321cc4-cf70-4469-ae98-315a990b9892,person_242,102,210,167,377,"0.765477418899536",2025-10-16 02:41:13.150444,2025-10-16 02:41:13.150458,2025-10-16 02:41:13.146945
59d7e32e-1f4e-4e06-a7c3-93de3da1a0bf,person_242,98,212,186,372,"0.849912703037262",2025-10-16 02:41:14.902083,2025-10-16 02:41:14.902097,2025-10-16 02:41:14.898851
fc6da133-6690-44ac-885e-9a52acbe9987,person_242,96,211,186,374,"0.890389680862427",2025-10-16 02:41:16.641565,2025-10-16 02:41:16.641578,2025-10-16 02:41:16.638365
1e1a9d24-33ed-4ca5-bb2e-576a1a73200e,person_242,97,212,186,372,"0.859747707843781",2025-10-16 02:41:17.66632,2025-10-16 02:41:17.666331,2025-10-16 02:41:17.662187
1522b22c-2e2e-4e0b-9065-1c5efb24db7d,person_242,97,212,185,374,"0.864923179149628",2025-10-16 02:41:19.532709,2025-10-16 02:41:19.532719,2025-10-16 02:41:19.528946
946c3d43-1693-4086-a5b9-0d471ae76787,person_242,126,213,196,381,"0.664196908473969",2025-10-16 02:40:58.111845,2025-10-16 02:40:58.111855,2025-10-16 02:40:58.108217
"0e33328f-905b-4d2f-a3ef-db526a64bc44",person_242,96,211,187,373,"0.867593348026276",2025-10-16 02:41:23.317158,2025-10-16 02:41:23.317175,2025-10-16 02:41:23.314321
a80a1f76-b865-443d-a4ce-5658f1f4c45c,person_242,100,211,167,376,"0.83844131231308",2025-10-16 02:41:24.352904,2025-10-16 02:41:24.352918,2025-10-16 02:41:24.349699
11fb1801-a8fe-45aa-a12d-2f2477463b9a,person_242,101,212,168,377,"0.842548608779907",2025-10-16 02:41:25.357149,2025-10-16 02:41:25.357163,2025-10-16 02:41:25.353625
5375a192-1db3-47e1-b3a8-4e9d81ff377d,person_242,103,213,168,377,"0.83642452955246",2025-10-16 02:41:26.430667,2025-10-16 02:41:26.430683,2025-10-16 02:41:26.426836
87fa1023-0a7b-436f-9c63-2f8e039c8aef,person_242,101,211,172,377,"0.839523077011108",2025-10-16 02:41:27.776375,2025-10-16 02:41:27.776389,2025-10-16 02:41:27.771605
388a269f-e1ef-421d-8219-2af10ba7eebe,person_242,98,211,174,376,"0.757813394069672",2025-10-16 02:41:30.411635,2025-10-16 02:41:30.411651,2025-10-16 02:41:30.408029
d8afcb85-c5d5-44f2-8327-16f1345eb09e,person_242,102,211,173,377,"0.831709861755371",2025-10-16 02:41:32.189208,2025-10-16 02:41:32.189222,2025-10-16 02:41:32.185641
77398019-592b-4b16-8eee-0803e272826a,person_242,103,211,171,376,"0.865131139755249",2025-10-16 02:41:34.023276,2025-10-16 02:41:34.023301,2025-10-16 02:41:34.020306
7bcd4c0d-e847-47d1-bece-90cd6d4c9eb4,person_242,104,211,170,376,"0.841843366622925",2025-10-16 02:41:35.110632,2025-10-16 02:41:35.110659,2025-10-16 02:41:35.107195
f0a7f4dc-bcb5-45a3-83fa-f4023992f0ae,person_242,102,211,172,376,"0.828173577785492",2025-10-16 02:41:36.803666,2025-10-16 02:41:36.803683,2025-10-16 02:41:36.800593
9cd02296-dedb-4756-aefd-06b16a904480,person_242,154,238,249,416,"0.800516128540039",2025-10-16 02:39:32.088273,2025-10-16 02:39:32.088289,2025-10-16 02:39:32.084734
59efba3a-8da9-4b6e-a000-b7ea6dfd3b2c,person_242,101,211,172,376,"0.83510285615921",2025-10-16 02:41:38.609669,2025-10-16 02:41:38.60968,2025-10-16 02:41:38.606814
190d2794-3fa2-49c6-967f-49f103920dc6,person_242,100,212,170,376,"0.815502524375916",2025-10-16 02:41:39.699163,2025-10-16 02:41:39.699183,2025-10-16 02:41:39.694683
"0984938c-5e7f-4ecc-b955-20c72b75f94b",person_242,99,213,167,373,"0.848928391933441",2025-10-16 02:41:41.422564,2025-10-16 02:41:41.422576,2025-10-16 02:41:41.419052
6acdab29-a6f6-48fe-bb1f-d85267d23d2c,person_242,115,212,175,379,"0.777054488658905",2025-10-16 02:41:43.312423,2025-10-16 02:41:43.312444,2025-10-16 02:41:43.308194
ac9789a6-3563-4601-9053-a676688c6db5,person_242,121,218,176,380,"0.675942242145538",2025-10-16 02:41:45.264959,2025-10-16 02:41:45.264969,2025-10-16 02:41:45.261625
ff663310-daa8-440a-bf0b-8304087fe42f,person_242,121,218,177,380,"0.633378744125366",2025-10-16 02:41:46.318601,2025-10-16 02:41:46.318629,2025-10-16 02:41:46.314991
b58d9fd8-cc1d-42a8-9bf4-62369702fac6,person_242,119,220,176,379,"0.784036338329315",2025-10-16 02:41:49.231838,2025-10-16 02:41:49.231849,2025-10-16 02:41:49.228143
1c2d9c42-6496-4beb-af43-114c9e7e62b7,person_242,118,219,175,379,"0.800079822540283",2025-10-16 02:41:51.129771,2025-10-16 02:41:51.129786,2025-10-16 02:41:51.12553
8c8ae8a9-dcea-447d-9245-636155b51135,person_242,153,239,233,415,"0.785340666770935",2025-10-16 02:39:33.847339,2025-10-16 02:39:33.847356,2025-10-16 02:39:33.826766
13a02f54-d150-4103-83d5-1aa79623ec78,person_242,112,212,184,376,"0.824844121932983",2025-10-16 02:41:53.008813,2025-10-16 02:41:53.008824,2025-10-16 02:41:53.004595
58cd9461-294c-4616-b0c2-884fd797f8ba,person_242,109,217,195,375,"0.799429714679718",2025-10-16 02:41:54.835452,2025-10-16 02:41:54.835469,2025-10-16 02:41:54.831417
b06d67f8-7d28-4678-b95a-0bc7f8c54f85,person_242,108,213,197,375,"0.828088700771332",2025-10-16 02:41:55.851924,2025-10-16 02:41:55.851935,2025-10-16 02:41:55.847876
"0576a3f3-78e4-4e74-bed4-3011409f77a7",person_242,158,241,230,415,"0.843010365962982",2025-10-16 02:39:35.869531,2025-10-16 02:39:35.869552,2025-10-16 02:39:35.858475
230d8f80-c930-41ff-8792-69970b27f3ec,person_242,109,215,197,375,"0.856516420841217",2025-10-16 02:41:56.957444,2025-10-16 02:41:56.957455,2025-10-16 02:41:56.954283
6784ce81-15a4-4963-abf3-b2d9a641a1f2,person_242,117,214,181,383,"0.796487331390381",2025-10-16 02:41:58.713383,2025-10-16 02:41:58.713396,2025-10-16 02:41:58.709958
77d90f86-1086-43da-b138-4003659bbb34,person_242,159,241,228,416,"0.827120959758759",2025-10-16 02:39:36.882133,2025-10-16 02:39:36.882149,2025-10-16 02:39:36.867244
570427e0-743a-42fd-94c8-4234899696e7,person_242,124,213,191,382,"0.708251297473907",2025-10-16 02:42:00.642163,2025-10-16 02:42:00.642174,2025-10-16 02:42:00.638561
79898f5c-c432-4ace-a5fb-5a500942604d,person_242,124,213,189,383,"0.768206775188446",2025-10-16 02:42:02.485,2025-10-16 02:42:02.485015,2025-10-16 02:42:02.481349
69363d78-7011-468a-be92-50b1be2949e6,person_242,156,240,231,415,"0.752659976482391",2025-10-16 02:39:40.450187,2025-10-16 02:39:40.450198,2025-10-16 02:39:40.434657
e2752541-4958-4fdd-a1b0-ba319e6a5816,person_242,121,241,220,416,"0.872451663017273",2025-10-16 02:39:42.912205,2025-10-16 02:39:42.912222,2025-10-16 02:39:42.908202
710f6d08-0ca9-439d-9fce-0bf4ee3c3bce,person_242,118,214,184,383,"0.83793169260025",2025-10-16 02:42:05.191012,2025-10-16 02:42:05.191037,2025-10-16 02:42:05.187803
61152ddd-6fce-40ac-b9e1-b74c982c2e3e,person_242,123,213,192,383,"0.740573287010193",2025-10-16 02:42:07.028134,2025-10-16 02:42:07.028144,2025-10-16 02:42:07.024367
4af1ff2b-b663-4d39-9be1-3a7434b8cde2,person_242,123,240,218,416,"0.859437108039856",2025-10-16 02:39:44.552085,2025-10-16 02:39:44.552099,2025-10-16 02:39:44.549043
e6368091-4dce-4642-b120-a08db68d977c,person_242,124,240,219,416,"0.860896229743958",2025-10-16 02:39:46.187973,2025-10-16 02:39:46.187987,2025-10-16 02:39:46.185052
9931b7fa-4bff-4ee1-bbe3-4100629e2067,person_242,122,212,186,382,"0.631542861461639",2025-10-16 02:42:09.185948,2025-10-16 02:42:09.18596,2025-10-16 02:42:09.182005
7f1ec223-5cc8-440c-936b-3593ff7e8b66,person_242,126,212,175,331,"0.534849762916565",2025-10-16 02:42:10.511378,2025-10-16 02:42:10.511389,2025-10-16 02:42:10.508139
cddfdd88-bce2-4790-a8fb-c50dcae7cef8,person_242,124,240,218,416,"0.866029620170593",2025-10-16 02:39:48.596685,2025-10-16 02:39:48.596754,2025-10-16 02:39:48.592964
b271689e-03a2-4214-9614-f103508c6400,person_242,124,241,218,414,"0.872686505317688",2025-10-16 02:39:50.233194,2025-10-16 02:39:50.233209,2025-10-16 02:39:50.22929
abeecabb-d840-429f-a01b-0105685f88c0,person_242,125,215,183,383,"0.777176916599274",2025-10-16 02:42:11.550629,2025-10-16 02:42:11.550647,2025-10-16 02:42:11.547741
cfd85ca1-702d-4228-afe6-e8e68d4c0bae,person_242,123,216,191,383,"0.863488554954529",2025-10-16 02:42:12.56472,2025-10-16 02:42:12.564734,2025-10-16 02:42:12.561429
aca4c96d-4d76-4f52-a5ee-63f23e2b4e8a,person_242,127,233,212,415,"0.811765134334564",2025-10-16 02:39:51.871868,2025-10-16 02:39:51.871881,2025-10-16 02:39:51.866312
192e4ff0-8f8f-4017-81cb-1a16d7896b6f,person_242,127,222,188,383,"0.841760396957397",2025-10-16 02:42:13.760296,2025-10-16 02:42:13.760307,2025-10-16 02:42:13.757249
9351eec7-af56-4f41-aedf-66e264538e22,person_242,134,223,196,396,"0.810574769973755",2025-10-16 02:39:53.546044,2025-10-16 02:39:53.546055,2025-10-16 02:39:53.542537
885c8df2-25d5-43aa-addd-1615f2654392,person_242,128,223,185,382,"0.792107880115509",2025-10-16 02:42:14.765594,2025-10-16 02:42:14.76561,2025-10-16 02:42:14.762316
8895e3a2-4f18-4ecb-b1fc-7640fdf5490d,person_242,135,222,199,402,"0.812108874320984",2025-10-16 02:39:55.149194,2025-10-16 02:39:55.149209,2025-10-16 02:39:55.146032
62df9926-a83b-4fbb-90e1-29ee3efd65f1,person_242,129,224,195,402,"0.792123317718506",2025-10-16 02:39:56.819205,2025-10-16 02:39:56.819219,2025-10-16 02:39:56.815831
8b008834-49a4-4576-94ca-9765d209b25a,person_242,132,225,193,401,"0.774078071117401",2025-10-16 02:39:58.426113,2025-10-16 02:39:58.426128,2025-10-16 02:39:58.423305
b0c50c82-6ba4-45cb-aac5-1090e019793f,person_242,122,224,181,398,"0.765478253364563",2025-10-16 02:40:00.037759,2025-10-16 02:40:00.037771,2025-10-16 02:40:00.033802
3070bd1d-dd22-461c-a999-1e8590652d7c,person_242,127,213,183,379,"0.577640175819397",2025-10-16 02:42:15.953991,2025-10-16 02:42:15.954005,2025-10-16 02:42:15.951436
b7044cef-8e99-4e00-840f-a0598d10553d,person_242,123,222,184,397,"0.807997584342957",2025-10-16 02:40:02.570779,2025-10-16 02:40:02.570793,2025-10-16 02:40:02.56748
39d10627-8ad2-4843-9f7f-87d6fbc400e1,person_242,108,210,182,381,"0.746450662612915",2025-10-16 02:42:18.224294,2025-10-16 02:42:18.224307,2025-10-16 02:42:18.220967
4e680b1c-6087-4a2f-87ff-5a715d52e1cd,person_242,98,211,184,383,"0.781796097755432",2025-10-16 02:42:20.212197,2025-10-16 02:42:20.212213,2025-10-16 02:42:20.208846
"05939ab4-b287-4b75-bfa8-b646966eb024",person_242,106,222,200,390,"0.833452999591827",2025-10-16 02:40:04.185677,2025-10-16 02:40:04.185692,2025-10-16 02:40:04.182162
"0f21dd97-2f5a-484f-b51f-23541790f449",person_242,118,213,205,384,"0.814683616161346",2025-10-16 02:42:21.238688,2025-10-16 02:42:21.2387,2025-10-16 02:42:21.234992
6cf37ac0-98d2-490e-b870-4d1baede9497,person_242,117,212,206,379,"0.777633130550385",2025-10-16 02:42:22.372846,2025-10-16 02:42:22.372865,2025-10-16 02:42:22.369799
748b9835-858f-4a13-9067-463f80bef048,person_242,107,224,199,389,"0.847033202648163",2025-10-16 02:40:05.795386,2025-10-16 02:40:05.795398,2025-10-16 02:40:05.79099
9d7af130-0401-4c6b-8bc7-39bb1a062287,person_242,113,212,207,379,"0.810195803642273",2025-10-16 02:42:23.405797,2025-10-16 02:42:23.405827,2025-10-16 02:42:23.402708
a376dd52-12f7-4d08-899a-e69436609e95,person_242,117,213,204,379,"0.814115583896637",2025-10-16 02:42:24.531535,2025-10-16 02:42:24.531551,2025-10-16 02:42:24.528629
5e6cc24b-5c0c-4622-b00a-c6e5eba8a546,person_242,114,214,203,378,"0.860800385475159",2025-10-16 02:42:25.601565,2025-10-16 02:42:25.601582,2025-10-16 02:42:25.598454
a2d67b5d-3d6c-4656-9bb4-c9b3fca06dcf,person_242,114,214,203,379,"0.857837200164795",2025-10-16 02:42:26.699896,2025-10-16 02:42:26.699907,2025-10-16 02:42:26.696411
dcdf9b32-5564-4231-b411-8166e188d4f5,person_242,108,224,196,389,"0.803085446357727",2025-10-16 02:40:07.458243,2025-10-16 02:40:07.458253,2025-10-16 02:40:07.454627
80d8e4d5-d729-4ad1-aaae-e3fb3fe338f7,person_242,114,214,203,379,"0.886125028133392",2025-10-16 02:42:28.711876,2025-10-16 02:42:28.711887,2025-10-16 02:42:28.70898
c1a12d9b-da02-465f-86cb-1ee34695e709,person_242,114,214,203,378,"0.859606742858887",2025-10-16 02:42:30.887976,2025-10-16 02:42:30.887991,2025-10-16 02:42:30.884588
7a20c90a-2f5d-4d18-92cc-ba8c909a0a93,person_242,114,214,201,376,"0.82713508605957",2025-10-16 02:42:31.991618,2025-10-16 02:42:31.991636,2025-10-16 02:42:31.987505
7de045fe-7899-4466-abe2-9982f91dca29,person_242,106,224,192,389,"0.796892821788788",2025-10-16 02:40:08.47261,2025-10-16 02:40:08.472621,2025-10-16 02:40:08.468609
bd483429-21d7-49b4-baba-4c05274b84d3,person_242,123,223,188,384,"0.77884978055954",2025-10-16 02:42:34.006557,2025-10-16 02:42:34.006567,2025-10-16 02:42:34.003427
6abfcdde-47f8-40f3-a604-723519aa2570,person_242,121,222,189,384,"0.845252156257629",2025-10-16 02:42:35.233024,2025-10-16 02:42:35.233034,2025-10-16 02:42:35.229673
4e120b10-e21f-4da1-aa3f-95a799ce4dfe,person_242,120,221,190,383,"0.856183111667633",2025-10-16 02:42:36.315209,2025-10-16 02:42:36.315225,2025-10-16 02:42:36.312186
ef1eaf58-e16f-46c1-97d5-aef6162f89d4,person_242,136,225,202,388,"0.799424231052399",2025-10-16 02:40:10.90854,2025-10-16 02:40:10.90856,2025-10-16 02:40:10.903841
7707c242-9f2d-4800-9249-73943a5e95c5,person_242,119,222,187,384,"0.816841602325439",2025-10-16 02:42:37.409498,2025-10-16 02:42:37.409513,2025-10-16 02:42:37.406248
a1c727d2-3936-44d0-94f2-b850865e7ab4,person_242,121,222,193,383,"0.820955514907837",2025-10-16 02:42:38.699503,2025-10-16 02:42:38.699523,2025-10-16 02:42:38.696152
c5022b99-fbdc-4f21-9f25-a281ba151179,person_242,138,226,201,387,"0.841576159000397",2025-10-16 02:40:12.687143,2025-10-16 02:40:12.687155,2025-10-16 02:40:12.683285
e9064c6e-ce8b-497c-abbd-b29d877f65d1,person_242,122,223,187,383,"0.836036860942841",2025-10-16 02:42:39.854818,2025-10-16 02:42:39.854832,2025-10-16 02:42:39.851843
d8c7261d-923e-471c-a90e-50a7369083a0,person_242,121,222,191,384,"0.830897331237793",2025-10-16 02:42:41.054107,2025-10-16 02:42:41.054121,2025-10-16 02:42:41.050655
a124fbbb-1e58-44f2-8c74-465b08b539d4,person_242,136,226,204,390,"0.783708274364471",2025-10-16 02:40:14.4702,2025-10-16 02:40:14.470266,2025-10-16 02:40:14.465694
eb2a8543-4c3e-40de-a6e6-f9e8e3476d36,person_242,120,224,189,384,"0.842943370342255",2025-10-16 02:42:42.106781,2025-10-16 02:42:42.106808,2025-10-16 02:42:42.102739
bc611dfc-eeec-43f5-9dac-b2ca3b26b390,person_242,124,225,194,384,"0.86990350484848",2025-10-16 02:42:43.265604,2025-10-16 02:42:43.26562,2025-10-16 02:42:43.261035
8ae963bc-920c-493f-bbf2-c44f66591061,person_242,122,219,202,384,"0.862519979476929",2025-10-16 02:42:44.696337,2025-10-16 02:42:44.696348,2025-10-16 02:42:44.693623
d2ff2eb3-e50e-4d70-a2e4-70354bc4fe2d,person_242,114,215,205,377,"0.853961229324341",2025-10-16 02:42:45.840271,2025-10-16 02:42:45.840286,2025-10-16 02:42:45.836983
d49c79cc-e5b1-4526-b0a5-a3328b7e38a1,person_242,117,214,204,377,"0.829760909080505",2025-10-16 02:42:46.937094,2025-10-16 02:42:46.937105,2025-10-16 02:42:46.934003
53c9ca54-3bfd-4f0c-89e8-d686b3cfc7db,person_242,116,214,203,376,"0.79950350522995",2025-10-16 02:42:48.048938,2025-10-16 02:42:48.048959,2025-10-16 02:42:48.045175
61787d1e-7d03-4596-a145-c709e5d271aa,person_242,116,214,202,376,"0.847618281841278",2025-10-16 02:42:49.43246,2025-10-16 02:42:49.432479,2025-10-16 02:42:49.429256
9fc4f338-1e22-49b8-b7e5-a73a80437591,person_242,116,215,202,376,"0.849377989768982",2025-10-16 02:42:50.566034,2025-10-16 02:42:50.566124,2025-10-16 02:42:50.560968
2942bb6f-e4ed-47dd-874a-83677dda932a,person_242,136,228,202,392,"0.867023825645447",2025-10-16 02:40:16.964673,2025-10-16 02:40:16.964747,2025-10-16 02:40:16.961189
a939a4f5-83bb-4064-87f8-96be409119a6,person_242,135,227,201,387,"0.858137488365173",2025-10-16 02:40:18.647517,2025-10-16 02:40:18.647534,2025-10-16 02:40:18.644344
83040e8a-c69b-45b5-b5cd-6f580555849b,person_242,134,226,201,392,"0.838852047920227",2025-10-16 02:40:21.187114,2025-10-16 02:40:21.187125,2025-10-16 02:40:21.183888
7f23f912-a39d-49b7-8c00-ab9ab30fb160,person_242,135,226,203,385,"0.831120550632477",2025-10-16 02:40:22.894584,2025-10-16 02:40:22.894601,2025-10-16 02:40:22.890892
9e56d746-ae61-4cf9-9563-31065036b273,person_242,135,226,203,392,"0.831399977207184",2025-10-16 02:40:24.580532,2025-10-16 02:40:24.580548,2025-10-16 02:40:24.575603
918326c8-ea12-46c5-bb56-3936b4c1b060,person_242,136,224,202,392,"0.754230558872223",2025-10-16 02:40:26.412798,2025-10-16 02:40:26.412809,2025-10-16 02:40:26.409188
ca18e577-4ad9-4eed-8682-47ca26df7aa1,person_242,136,225,201,387,"0.847516596317291",2025-10-16 02:40:28.151021,2025-10-16 02:40:28.151034,2025-10-16 02:40:28.147878
cd898c16-402c-411c-9c94-f773cc00a7b9,person_242,123,216,213,384,"0.889339804649353",2025-10-16 02:40:29.832665,2025-10-16 02:40:29.832679,2025-10-16 02:40:29.829463
fc4d89cf-865a-4ab6-b3d4-af437d9d22fc,person_242,124,216,214,386,"0.879733204841614",2025-10-16 02:40:30.849329,2025-10-16 02:40:30.849344,2025-10-16 02:40:30.846237
da85afc5-d508-44cb-ade5-008f63f344d5,person_242,123,216,214,385,"0.863054215908051",2025-10-16 02:40:32.476401,2025-10-16 02:40:32.476412,2025-10-16 02:40:32.473188
6613a240-d4fb-43e4-be48-e55919c5692a,person_242,125,216,212,383,"0.844682335853577",2025-10-16 02:40:34.241937,2025-10-16 02:40:34.241948,2025-10-16 02:40:34.238744
e0bf8903-f7ec-4349-9534-fb30f8c0e95c,person_242,125,215,215,384,"0.879680812358856",2025-10-16 02:40:35.985204,2025-10-16 02:40:35.985221,2025-10-16 02:40:35.981626
c2362b40-74f5-4200-a17e-6df08df29a2f,person_242,127,215,200,386,"0.766023278236389",2025-10-16 02:40:37.688633,2025-10-16 02:40:37.688647,2025-10-16 02:40:37.685765
67bad526-b6c3-4c26-b806-8229d8868eee,person_242,132,218,196,381,"0.835826396942139",2025-10-16 02:40:39.374143,2025-10-16 02:40:39.374159,2025-10-16 02:40:39.370605
9ca0a3af-86fe-485b-8bc6-47477e44fd33,person_242,124,215,185,384,"0.771586358547211",2025-10-16 02:40:41.072217,2025-10-16 02:40:41.072233,2025-10-16 02:40:41.069305
aac04205-eccd-4fac-bce0-6d70a6955cfb,person_242,117,215,185,384,"0.817383527755737",2025-10-16 02:40:42.824613,2025-10-16 02:40:42.824627,2025-10-16 02:40:42.820381
3edb2468-8bfa-4c2a-ba61-d832ae96a28a,person_242,117,215,182,384,"0.843931496143341",2025-10-16 02:40:44.620298,2025-10-16 02:40:44.620311,2025-10-16 02:40:44.617072
4aa041a8-d2a1-4717-a551-db166ea240af,person_242,117,216,183,384,"0.821655988693237",2025-10-16 02:40:45.627867,2025-10-16 02:40:45.627878,2025-10-16 02:40:45.623711
df9776b1-63d1-41d8-b236-ed1172c98e1d,person_242,117,215,183,384,"0.812372267246246",2025-10-16 02:40:47.576494,2025-10-16 02:40:47.57651,2025-10-16 02:40:47.573053
514a4dae-6ee0-4565-97e0-fe2e5dfaeabf,person_242,119,215,184,385,"0.81218296289444",2025-10-16 02:40:48.655608,2025-10-16 02:40:48.655621,2025-10-16 02:40:48.652703
7e94ada5-160e-4daa-b59f-5fb277a85973,person_242,119,215,188,384,"0.751565933227539",2025-10-16 02:40:49.707838,2025-10-16 02:40:49.707858,2025-10-16 02:40:49.704021
8f85715b-a851-401f-9962-fa4aaaa84e4b,person_242,122,214,185,384,"0.78881162405014",2025-10-16 02:40:50.910036,2025-10-16 02:40:50.910056,2025-10-16 02:40:50.905247
96f768b3-a00a-4d38-97ab-d3ce7d266567,person_242,117,214,187,384,"0.719886183738708",2025-10-16 02:40:53.023682,2025-10-16 02:40:53.023701,2025-10-16 02:40:53.020121
70f43e94-a900-41a2-90fe-139a08023ae4,person_242,118,214,184,384,"0.774847030639648",2025-10-16 02:40:54.739292,2025-10-16 02:40:54.739314,2025-10-16 02:40:54.736398
d4199dc3-cb74-4e49-87de-fc826e55a478,person_242,120,214,191,384,"0.789503395557404",2025-10-16 02:40:56.394951,2025-10-16 02:40:56.394968,2025-10-16 02:40:56.391166
ae3e5666-7724-4373-96bd-8a7b56303548,person_244,360,153,389,233,"0.584132075309753",2025-10-16 02:40:16.973615,2025-10-16 02:40:16.973628,2025-10-16 02:40:16.961199
51c6cb24-c5bd-4606-9984-415c69dd05ef,person_244,357,157,385,235,"0.61054915189743",2025-10-16 02:40:45.635123,2025-10-16 02:40:45.635134,2025-10-16 02:40:45.623826
56c3c55c-7c86-4cfa-a4b1-78583bb6c4d5,person_244,343,146,382,233,"0.75995147228241",2025-10-16 02:40:32.488756,2025-10-16 02:40:32.488835,2025-10-16 02:40:32.473195
83132be0-b1ee-4b74-b32f-a72350a18562,person_244,342,143,374,235,"0.558689951896667",2025-10-16 02:39:46.199459,2025-10-16 02:39:46.199469,2025-10-16 02:39:46.18506
16029939-708a-46b2-8564-212140c758fd,person_244,345,143,382,233,"0.625456273555756",2025-10-16 02:40:34.248976,2025-10-16 02:40:34.248993,2025-10-16 02:40:34.238756
c03dc7b9-16d1-43d2-8f3f-24580302305e,person_244,330,131,367,233,"0.679945468902588",2025-10-16 02:39:48.609035,2025-10-16 02:39:48.609044,2025-10-16 02:39:48.592972
f6f94e06-cfb7-4e6c-9848-959a5ebd2bdc,person_244,344,142,373,228,"0.587870955467224",2025-10-16 02:39:50.244925,2025-10-16 02:39:50.244936,2025-10-16 02:39:50.2293
6a8bf765-841c-475e-8006-6e27525d937a,person_244,358,148,389,231,"0.614615499973297",2025-10-16 02:40:53.030624,2025-10-16 02:40:53.030634,2025-10-16 02:40:53.020131
38d3c21b-d0d6-4ba9-9a2f-1eaaa7048ff2,person_244,356,141,390,231,"0.600137948989868",2025-10-16 02:39:51.884317,2025-10-16 02:39:51.88433,2025-10-16 02:39:51.866321
6145d4be-9959-4881-ab5c-2bedcc596395,person_244,364,149,394,235,"0.589798212051392",2025-10-16 02:40:41.191084,2025-10-16 02:40:41.191095,2025-10-16 02:40:41.187536
f06a16e3-7f0c-4498-b8f4-38e6f5795064,person_244,357,157,384,234,"0.623692750930786",2025-10-16 02:40:47.584229,2025-10-16 02:40:47.584249,2025-10-16 02:40:47.573064
39fe1ebc-b2bc-461b-a61d-0fe058f4cbf2,person_244,356,142,389,230,"0.597910702228546",2025-10-16 02:39:53.551838,2025-10-16 02:39:53.551848,2025-10-16 02:39:53.542546
667ef5b5-c401-4336-8ac3-9c4866ddae62,person_244,357,153,385,231,"0.588832974433899",2025-10-16 02:40:44.629694,2025-10-16 02:40:44.629704,2025-10-16 02:40:44.617085
b3a7490e-e80c-45ed-afc3-2b7e2d70b392,person_244,349,148,382,233,"0.766748487949371",2025-10-16 02:40:35.991181,2025-10-16 02:40:35.99119,2025-10-16 02:40:35.981633
f05e2e1b-b2ab-4449-a9f5-afaa1cb78f34,person_244,361,150,398,233,"0.724592685699463",2025-10-16 02:40:14.477855,2025-10-16 02:40:14.477869,2025-10-16 02:40:14.465705
ce3847c6-65b3-440b-9dc6-71588a7dcf75,person_244,352,148,381,232,"0.772788166999817",2025-10-16 02:40:50.917169,2025-10-16 02:40:50.91718,2025-10-16 02:40:50.905256
5a8795e8-50bd-4b17-b715-49c4b2ec8b86,person_244,357,138,389,230,"0.62002819776535",2025-10-16 02:39:55.155207,2025-10-16 02:39:55.155218,2025-10-16 02:39:55.146041
32635544-1372-42f8-8591-0b67ae10ce5b,person_244,344,146,383,232,"0.767226338386536",2025-10-16 02:40:29.84436,2025-10-16 02:40:29.84437,2025-10-16 02:40:29.829473
f7edef42-330b-4905-94bd-c3489167e6bd,person_244,349,147,382,232,"0.760218560695648",2025-10-16 02:40:49.713959,2025-10-16 02:40:49.713968,2025-10-16 02:40:49.704031
664495de-1523-421a-9c0f-9252253c0c86,person_244,357,151,385,232,"0.509239673614502",2025-10-16 02:40:28.15887,2025-10-16 02:40:28.158881,2025-10-16 02:40:28.147885
4c7bcd63-07ce-42fe-a6e8-d870ee125747,person_244,351,148,389,235,"0.692086100578308",2025-10-16 02:40:00.043799,2025-10-16 02:40:00.043809,2025-10-16 02:40:00.033811
6b97cdf7-1c84-4b4a-a869-182f7bedbfc2,person_244,359,150,388,232,"0.674056887626648",2025-10-16 02:40:02.576703,2025-10-16 02:40:02.576714,2025-10-16 02:40:02.567488
c29b3278-0065-4e14-97d7-8f6ad2e23cce,person_244,360,150,386,231,"0.706122100353241",2025-10-16 02:40:04.197989,2025-10-16 02:40:04.198001,2025-10-16 02:40:04.182172
e36b2f83-558e-462c-b6a0-c234e7c5fe50,person_244,360,150,385,232,"0.671305954456329",2025-10-16 02:40:05.803371,2025-10-16 02:40:05.803382,2025-10-16 02:40:05.790999
73e6cb01-e4cf-43e0-b72b-b0f026fad054,person_244,364,162,388,231,"0.56351900100708",2025-10-16 02:40:10.915379,2025-10-16 02:40:10.915708,2025-10-16 02:40:10.903851
7ec75b3b-858f-430a-8862-01823f7d2da5,person_244,356,146,386,231,"0.589500725269318",2025-10-16 02:40:26.419852,2025-10-16 02:40:26.419862,2025-10-16 02:40:26.409199
777c2153-b82b-4ccc-bd19-afa456eaab03,person_244,360,147,395,235,"0.669093549251556",2025-10-16 02:40:42.831463,2025-10-16 02:40:42.831474,2025-10-16 02:40:42.820394
f10eead0-e87e-465b-8cbd-85fc324ebaa2,person_244,357,154,386,231,"0.588740170001984",2025-10-16 02:40:07.464493,2025-10-16 02:40:07.464503,2025-10-16 02:40:07.454636
1356072e-aba6-4c03-9a2f-90e3f7ec40d7,person_244,360,149,388,231,"0.647468686103821",2025-10-16 02:40:08.479133,2025-10-16 02:40:08.479143,2025-10-16 02:40:08.468621
56bef4e4-839c-4b40-9c4a-75dcaac60606,person_244,355,153,387,232,"0.529102385044098",2025-10-16 02:40:24.593323,2025-10-16 02:40:24.593332,2025-10-16 02:40:24.575614
26e7ede0-2ba4-4528-b017-0bc8e87a4418,person_244,330,144,357,226,"0.6581911444664",2025-10-16 02:39:43.028415,2025-10-16 02:39:43.02844,2025-10-16 02:39:43.025095
813655c7-21ab-4b9d-ae69-0de1fc05f7bb,person_244,337,137,380,232,"0.52817702293396",2025-10-16 02:40:22.902332,2025-10-16 02:40:22.902343,2025-10-16 02:40:22.890902
"03226bd6-26da-48aa-b964-90bf94303f1a",person_245,131,118,147,159,"0.611639082431793",2025-10-16 02:39:51.995126,2025-10-16 02:39:51.995144,2025-10-16 02:39:51.991433
e41a1865-68f0-4795-977c-ae7bbb36afaa,person_247,114,125,138,193,"0.692470014095306",2025-10-16 02:40:05.949675,2025-10-16 02:40:05.94969,2025-10-16 02:40:05.945487
7458a08b-da60-4e75-b1ac-88be78e9d26f,person_248,138,127,163,205,"0.574190676212311",2025-10-16 02:40:08.34412,2025-10-16 02:40:08.344151,2025-10-16 02:40:08.339612
4fb2933f-0f83-46d4-aded-151c92e68e2a,person_248,134,122,163,192,"0.592739164829254",2025-10-16 02:40:05.956507,2025-10-16 02:40:05.956517,2025-10-16 02:40:05.945492
13af5f3c-a91c-4fc3-b2e7-be872ad314ad,person_249,154,132,185,209,"0.642501056194305",2025-10-16 02:40:08.485143,2025-10-16 02:40:08.485154,2025-10-16 02:40:08.468655
3418f478-0b71-4d79-ac77-d17750da4b95,person_25,75,226,142,347,"0.537635803222656",2025-10-16 02:33:22.479963,2025-10-16 02:33:22.479977,2025-10-16 02:33:22.475952
3173b2dc-0f11-41ad-8f87-7d9e064eb659,person_251,240,142,273,240,"0.773489654064178",2025-10-16 02:40:11.058736,2025-10-16 02:40:11.058751,2025-10-16 02:40:11.053472
84d9756e-4fbf-486d-a751-f7f53aa3da24,person_252,290,140,331,237,"0.625593245029449",2025-10-16 02:40:11.067286,2025-10-16 02:40:11.067298,2025-10-16 02:40:11.053483
6289705e-fe13-4e31-8521-074bb33da102,person_253,375,156,429,268,"0.573554158210754",2025-10-16 02:40:12.828268,2025-10-16 02:40:12.828283,2025-10-16 02:40:12.822097
559dd10c-17af-4ea4-8fba-7efd47d7b74a,person_254,340,161,381,269,"0.64869487285614",2025-10-16 02:40:12.835574,2025-10-16 02:40:12.835585,2025-10-16 02:40:12.822104
ee07e64a-3e5f-42ef-8c13-b9217abe3654,person_255,442,181,493,300,"0.519071400165558",2025-10-16 02:40:14.610358,2025-10-16 02:40:14.610378,2025-10-16 02:40:14.605991
c6fa7544-7ab0-4eaa-8f81-319638609008,person_256,507,182,547,299,"0.608614683151245",2025-10-16 02:40:14.737323,2025-10-16 02:40:14.737336,2025-10-16 02:40:14.73232
55730523-48c0-4094-89dc-d216c9690d4d,person_26,478,246,573,416,"0.669434309005737",2025-10-16 02:33:22.060807,2025-10-16 02:33:22.060826,2025-10-16 02:33:22.056299
f369a726-3daf-486a-9650-52e97a4e85d2,person_261,107,146,129,210,"0.520556569099426",2025-10-16 02:40:24.598311,2025-10-16 02:40:24.598321,2025-10-16 02:40:24.575638
4662abd3-61aa-4778-a522-9ff2a4003156,person_262,127,145,152,216,"0.612051010131836",2025-10-16 02:40:24.711347,2025-10-16 02:40:24.711364,2025-10-16 02:40:24.707338
745b60a0-69d1-4810-a285-c8ff5f22ab50,person_265,159,152,206,245,"0.631052255630493",2025-10-16 02:40:26.56889,2025-10-16 02:40:26.568906,2025-10-16 02:40:26.564544
dd3327c2-58ef-40a2-8c91-4613333b2cd2,person_267,142,119,162,160,"0.502249896526337",2025-10-16 02:40:50.923364,2025-10-16 02:40:50.923391,2025-10-16 02:40:50.905261
72acc278-27f3-4400-add2-4e26c9acbb5a,person_267,132,118,153,157,"0.523601412773132",2025-10-16 02:40:39.48195,2025-10-16 02:40:39.481965,2025-10-16 02:40:39.478574
1204ec8e-e245-4f99-8882-aca4c8b50ba6,person_267,142,119,163,160,"0.516501605510712",2025-10-16 02:40:45.64114,2025-10-16 02:40:45.641151,2025-10-16 02:40:45.623837
c12687ab-e18c-4531-b949-b33244e2a604,person_268,143,120,162,163,"0.579121649265289",2025-10-16 02:40:42.954586,2025-10-16 02:40:42.954597,2025-10-16 02:40:42.950015
fabbf07a-b816-4dcb-a2ce-6268b1a0966c,person_27,163,139,197,209,"0.519746899604797",2025-10-16 02:33:22.067301,2025-10-16 02:33:22.067311,2025-10-16 02:33:22.056305
5c236887-0db5-4057-ae73-6098de9aa33b,person_270,121,128,141,197,"0.540436744689941",2025-10-16 02:40:56.401191,2025-10-16 02:40:56.401204,2025-10-16 02:40:56.391184
52dcf161-c1cd-4b2c-80ad-db699b53a78c,person_271,263,126,286,198,"0.520811915397644",2025-10-16 02:40:58.117911,2025-10-16 02:40:58.11792,2025-10-16 02:40:58.108234
e65e05b5-e0da-4e9a-8315-31f35ee4b67d,person_272,142,118,162,163,"0.566799342632294",2025-10-16 02:41:03.233204,2025-10-16 02:41:03.233223,2025-10-16 02:41:03.223196
7ae6b8ea-2846-4e79-86df-fb779c5dd209,person_272,141,121,161,163,"0.509707391262054",2025-10-16 02:41:04.302055,2025-10-16 02:41:04.302064,2025-10-16 02:41:04.291825
77944ed6-714d-4495-bf74-eb575ac53d18,person_272,135,123,161,211,"0.641421139240265",2025-10-16 02:40:58.226407,2025-10-16 02:40:58.226417,2025-10-16 02:40:58.223367
f42549c6-1b7d-4623-9e88-7819d0640d70,person_272,142,118,160,161,"0.556760489940643",2025-10-16 02:41:09.591051,2025-10-16 02:41:09.59106,2025-10-16 02:41:09.581333
d3c1886c-da1d-4088-845d-cc49bbc7af50,person_273,169,136,197,231,"0.722685873508453",2025-10-16 02:40:59.96472,2025-10-16 02:40:59.964749,2025-10-16 02:40:59.961098
aa6c6614-849f-4b77-b2aa-b44c75b9260e,person_274,262,152,286,217,"0.632385075092316",2025-10-16 02:41:05.88732,2025-10-16 02:41:05.887331,2025-10-16 02:41:05.871205
"03c714dc-e474-4f6f-932f-dcacdfbc4258",person_274,264,145,291,230,"0.545430123806",2025-10-16 02:41:07.683228,2025-10-16 02:41:07.683238,2025-10-16 02:41:07.670951
152bb1d1-ef4f-4bc1-a1a3-dc8a9a0f20a9,person_274,249,132,276,219,"0.654406487941742",2025-10-16 02:40:59.971188,2025-10-16 02:40:59.971197,2025-10-16 02:40:59.961107
2e49fa29-3e98-4755-8585-2ddbe1cd2af0,person_275,358,154,384,233,"0.533238708972931",2025-10-16 02:41:13.26371,2025-10-16 02:41:13.263725,2025-10-16 02:41:13.259965
255bee3a-22ed-479f-807b-1c1a81a59d64,person_275,355,150,384,235,"0.526546776294708",2025-10-16 02:41:03.238154,2025-10-16 02:41:03.238163,2025-10-16 02:41:03.223222
1c91d174-c0c8-41b1-a83e-6d83a187e67c,person_275,358,155,384,233,"0.571801126003265",2025-10-16 02:41:07.688958,2025-10-16 02:41:07.688969,2025-10-16 02:41:07.670963
2c8f165d-536c-497f-9ad5-25184454cea7,person_275,360,152,385,232,"0.526268124580383",2025-10-16 02:41:09.711558,2025-10-16 02:41:09.711569,2025-10-16 02:41:09.707942
c9645fbb-71d2-4e7b-b2c6-e712232537b9,person_275,358,154,386,233,"0.617571234703064",2025-10-16 02:41:14.913884,2025-10-16 02:41:14.913894,2025-10-16 02:41:14.898864
6b335076-c8ae-48dd-a038-e05b8dc9f88f,person_275,367,148,395,237,"0.538913726806641",2025-10-16 02:41:16.650891,2025-10-16 02:41:16.650903,2025-10-16 02:41:16.638373
b634adca-115f-40cd-a851-0a213433ab5c,person_277,316,145,369,279,"0.640243232250214",2025-10-16 02:41:03.243321,2025-10-16 02:41:03.243331,2025-10-16 02:41:03.223235
e798940a-d7c8-4844-a7cd-f8e2c6baae2c,person_278,387,158,442,297,"0.65007621049881",2025-10-16 02:41:04.306913,2025-10-16 02:41:04.306922,2025-10-16 02:41:04.291841
"015e0048-5b16-4bd3-9060-0a9d968a01b0",person_279,426,167,487,275,"0.804366588592529",2025-10-16 02:41:07.694852,2025-10-16 02:41:07.694863,2025-10-16 02:41:07.670983
85b779a9-c138-4404-a8e7-9ad6b666d7f3,person_28,353,179,424,373,"0.806325316429138",2025-10-16 02:33:23.661574,2025-10-16 02:33:23.661587,2025-10-16 02:33:23.657372
7609eea7-95c2-42b8-be01-9c3b70cdcc84,person_28,425,221,515,418,"0.787246704101562",2025-10-16 02:33:22.486103,2025-10-16 02:33:22.486112,2025-10-16 02:33:22.475964
49d6b649-edb8-4899-98ad-93d109efce12,person_280,371,154,407,281,"0.509843349456787",2025-10-16 02:41:06.001454,2025-10-16 02:41:06.001468,2025-10-16 02:41:05.998117
5d6889b3-48b9-4396-8b2b-cf7235cf617d,person_282,274,161,309,257,"0.763420760631561",2025-10-16 02:41:09.718514,2025-10-16 02:41:09.718525,2025-10-16 02:41:09.70796
476ce20f-10aa-4e12-8951-6d35ee1b1f60,person_283,302,178,343,285,"0.788470506668091",2025-10-16 02:41:11.471865,2025-10-16 02:41:11.471879,2025-10-16 02:41:11.468582
b3ca54b1-9e77-4b5a-afa5-e775f70d5e9a,person_285,374,213,429,331,"0.731235027313232",2025-10-16 02:41:13.270454,2025-10-16 02:41:13.270466,2025-10-16 02:41:13.259977
16a87589-ca20-4a91-886b-09fd4e5e93c4,person_286,142,118,161,158,"0.507562577724457",2025-10-16 02:41:17.674175,2025-10-16 02:41:17.674185,2025-10-16 02:41:17.662207
d3dd9e18-f774-4b2b-ad42-414531a1cafe,person_287,76,124,92,177,"0.513205289840698",2025-10-16 02:41:26.437134,2025-10-16 02:41:26.437145,2025-10-16 02:41:26.426847
53ad1699-3cbf-4516-9efe-524bdd408b66,person_287,76,124,93,176,"0.62399822473526",2025-10-16 02:41:19.653925,2025-10-16 02:41:19.653939,2025-10-16 02:41:19.649875
3b397e4e-9c68-4725-a4a1-abfe4f586bc8,person_288,89,129,104,180,"0.552526652812958",2025-10-16 02:41:21.413001,2025-10-16 02:41:21.413012,2025-10-16 02:41:21.396094
948495f8-96d3-4405-9c5b-c8ee6f0cd37c,person_289,100,133,124,215,"0.512545645236969",2025-10-16 02:41:25.3708,2025-10-16 02:41:25.370811,2025-10-16 02:41:25.353647
ee259757-9a90-43b9-89b4-488f8b14ffed,person_29,279,190,342,373,"0.808605670928955",2025-10-16 02:33:22.906489,2025-10-16 02:33:22.906502,2025-10-16 02:33:22.901703
c1559265-16d8-4d1d-9ac4-c0c94a295350,person_29,275,170,325,294,"0.65405935049057",2025-10-16 02:33:24.274764,2025-10-16 02:33:24.274784,2025-10-16 02:33:24.260549
8b9d7ecf-76eb-43b2-9ddb-bc18e24ede37,person_290,352,148,386,237,"0.760903775691986",2025-10-16 02:41:26.443205,2025-10-16 02:41:26.443215,2025-10-16 02:41:26.426869
cfd34df8-b6ec-4462-bc58-754872e92871,person_290,356,147,378,234,"0.585765659809113",2025-10-16 02:41:27.781875,2025-10-16 02:41:27.781884,2025-10-16 02:41:27.771634
792f3cbe-04a4-483f-a245-aaa607c85e4b,person_290,367,143,398,229,"0.733522117137909",2025-10-16 02:41:30.535811,2025-10-16 02:41:30.535832,2025-10-16 02:41:30.531551
6eb200f8-88fa-4fb9-82c4-09d7d5642be5,person_290,369,145,397,230,"0.60960727930069",2025-10-16 02:41:36.810288,2025-10-16 02:41:36.810299,2025-10-16 02:41:36.8006
1f74bed9-35f7-40f0-b79c-d058a05974c6,person_290,366,142,394,230,"0.634145438671112",2025-10-16 02:41:38.61604,2025-10-16 02:41:38.616049,2025-10-16 02:41:38.606821
74e713d9-317b-40cc-be21-16517877396b,person_290,368,143,395,230,"0.629588842391968",2025-10-16 02:41:39.705345,2025-10-16 02:41:39.705356,2025-10-16 02:41:39.694695
ef4a8e92-fc22-435e-890a-12e04bebe28e,person_290,378,148,414,234,"0.621131539344788",2025-10-16 02:41:41.429056,2025-10-16 02:41:41.429065,2025-10-16 02:41:41.41906
2f5d1cd8-4587-4d2f-b583-b0d701bb757f,person_290,381,151,406,235,"0.645724058151245",2025-10-16 02:41:43.324744,2025-10-16 02:41:43.324761,2025-10-16 02:41:43.308206
efb77830-4aa4-4d08-88cd-00915f753f36,person_291,146,138,185,234,"0.567408800125122",2025-10-16 02:41:27.788135,2025-10-16 02:41:27.788145,2025-10-16 02:41:27.771641
e4b466bd-c059-4b0f-b2e5-a89234ed663b,person_292,173,129,206,229,"0.57451593875885",2025-10-16 02:41:27.915953,2025-10-16 02:41:27.915963,2025-10-16 02:41:27.911832
5349bc02-8ac6-4fcb-9f08-3683b0cbd330,person_292,174,138,209,245,"0.672922313213348",2025-10-16 02:41:30.424012,2025-10-16 02:41:30.424021,2025-10-16 02:41:30.408058
a723a31e-d78f-456f-9d00-8071fdce7378,person_293,253,127,284,225,"0.600391507148743",2025-10-16 02:41:28.035301,2025-10-16 02:41:28.035315,2025-10-16 02:41:28.031142
574da922-3ec5-40cd-89d6-42beab553253,person_296,97,128,118,191,"0.659134268760681",2025-10-16 02:41:32.304827,2025-10-16 02:41:32.304837,2025-10-16 02:41:32.300518
4433125e-4057-4c08-a0c3-fec6a9468151,person_297,303,149,377,311,"0.700863182544708",2025-10-16 02:41:32.311065,2025-10-16 02:41:32.311079,2025-10-16 02:41:32.300524
"01706d81-346f-4761-84e9-88eb3bdfae72",person_298,455,188,527,316,"0.625723481178284",2025-10-16 02:41:35.117508,2025-10-16 02:41:35.117519,2025-10-16 02:41:35.107215
752221ed-a28d-48b3-839b-e1a14d2a6962,person_299,150,154,186,268,"0.713311314582825",2025-10-16 02:41:39.58424,2025-10-16 02:41:39.58425,2025-10-16 02:41:39.580128
96b17508-f038-4c44-9af2-14c17a4fb7c4,person_3,77,123,92,171,"0.559420943260193",2025-10-16 02:33:00.10813,2025-10-16 02:33:00.10814,2025-10-16 02:33:00.087528
57a0d79a-aeea-4d3d-a214-36a0fe489ec8,person_3,103,123,122,182,"0.573879897594452",2025-10-16 02:32:57.958827,2025-10-16 02:32:57.958846,2025-10-16 02:32:57.905953
5846aafc-5cfd-425f-82e9-4a9f0e4fddad,person_3,92,123,112,176,"0.653457343578339",2025-10-16 02:32:59.049926,2025-10-16 02:32:59.049936,2025-10-16 02:32:59.020641
e2dd3c51-4555-40b5-8505-f188cc5eca0a,person_30,367,203,422,357,"0.568416237831116",2025-10-16 02:33:22.915257,2025-10-16 02:33:22.915268,2025-10-16 02:33:22.901707
39edb259-df16-4dd1-b9ad-ec38332e5bde,person_300,283,113,305,173,"0.513482093811035",2025-10-16 02:41:39.710223,2025-10-16 02:41:39.710232,2025-10-16 02:41:39.69471
4e7a198f-3072-4c65-ab05-3ff77c10a8e5,person_301,188,170,227,311,"0.712227165699005",2025-10-16 02:41:41.537517,2025-10-16 02:41:41.537527,2025-10-16 02:41:41.533854
df4c3314-5d66-40e1-8249-2b5442c4cbd2,person_302,233,201,305,386,"0.800050675868988",2025-10-16 02:41:43.468974,2025-10-16 02:41:43.468989,2025-10-16 02:41:43.464134
7168dae7-7509-4b2f-bd2c-68183cbf39a9,person_304,318,290,402,420,"0.758779287338257",2025-10-16 02:41:46.325434,2025-10-16 02:41:46.325445,2025-10-16 02:41:46.315038
1755316f-06d5-4773-9ddf-ed80db0c9f6d,person_305,125,113,144,168,"0.661925971508026",2025-10-16 02:41:46.442615,2025-10-16 02:41:46.442629,2025-10-16 02:41:46.43848
ddad7273-0bc5-4ff7-900c-524337f0a63c,person_306,139,115,165,184,"0.682780683040619",2025-10-16 02:41:49.352061,2025-10-16 02:41:49.35208,2025-10-16 02:41:49.346662
dec2f18f-6da1-4278-a30a-264f2dcb2778,person_307,427,301,532,417,"0.605670869350433",2025-10-16 02:41:49.359948,2025-10-16 02:41:49.359963,2025-10-16 02:41:49.346667
c04519c5-dc2b-46eb-a2e0-91e6e3c9f12a,person_308,231,200,303,385,"0.8774134516716",2025-10-16 02:41:51.24208,2025-10-16 02:41:51.242098,2025-10-16 02:41:51.236622
8d2e5e77-91e6-4f5a-9798-3930f3f979fb,person_309,162,117,197,200,"0.748024046421051",2025-10-16 02:41:51.248416,2025-10-16 02:41:51.248428,2025-10-16 02:41:51.236629
b13a26ac-8997-493b-ae5b-98b52c3d1f3a,person_31,216,172,275,328,"0.8226557970047",2025-10-16 02:33:23.672895,2025-10-16 02:33:23.672905,2025-10-16 02:33:23.657381
75d26e5b-4db2-4316-b355-335e421f6730,person_31,122,128,146,215,"0.557483792304993",2025-10-16 02:33:27.887761,2025-10-16 02:33:27.887772,2025-10-16 02:33:27.88279
1aaccc17-3f28-4dac-871a-3846cdc63fcb,person_31,135,138,167,245,"0.563272893428802",2025-10-16 02:33:26.502509,2025-10-16 02:33:26.502519,2025-10-16 02:33:26.479625
24643e8e-e805-4fb4-b5be-2c9abe03789b,person_31,168,157,215,292,"0.731117725372314",2025-10-16 02:33:24.745203,2025-10-16 02:33:24.745223,2025-10-16 02:33:24.741198
da6357fb-6d21-4a0b-b9fd-28ff3e94afd2,person_310,296,227,355,381,"0.79333084821701",2025-10-16 02:41:51.253972,2025-10-16 02:41:51.253982,2025-10-16 02:41:51.236634
b9291166-28c9-4f58-8454-de94699df942,person_311,207,184,250,307,"0.694835662841797",2025-10-16 02:41:53.126178,2025-10-16 02:41:53.126192,2025-10-16 02:41:53.122242
386ab8d6-1957-4a09-b109-13b647abdbb2,person_312,159,158,197,257,"0.728534579277039",2025-10-16 02:41:54.842234,2025-10-16 02:41:54.842244,2025-10-16 02:41:54.831472
c5ca78b4-8c51-42a7-bc51-61f0630c4cd4,person_312,147,152,179,238,"0.551664769649506",2025-10-16 02:41:55.85897,2025-10-16 02:41:55.858991,2025-10-16 02:41:55.847934
e6d293d9-6512-47ae-96d0-1d201b012e1a,person_312,164,163,212,266,"0.72264152765274",2025-10-16 02:41:53.133633,2025-10-16 02:41:53.133655,2025-10-16 02:41:53.122247
1a15d9a9-5492-4423-a856-83c4e6bf8123,person_313,210,121,242,192,"0.568511068820953",2025-10-16 02:41:53.140159,2025-10-16 02:41:53.140169,2025-10-16 02:41:53.122251
65e884dd-b1dd-47cf-98e2-7cac821504dc,person_315,101,123,120,184,"0.534971475601196",2025-10-16 02:42:00.654519,2025-10-16 02:42:00.654531,2025-10-16 02:42:00.638578
b33fa8d6-5802-4614-ae62-612ac862845a,person_315,103,123,124,187,"0.638579607009888",2025-10-16 02:42:02.497548,2025-10-16 02:42:02.497559,2025-10-16 02:42:02.48136
f806ec02-9ed7-4ea3-8866-33ecf26c95fa,person_315,99,136,128,205,"0.510878801345825",2025-10-16 02:41:58.831097,2025-10-16 02:41:58.831115,2025-10-16 02:41:58.827412
fa118aaf-b707-4103-8b3e-7b2b4a9ac5d7,person_315,117,144,153,219,"0.70723682641983",2025-10-16 02:41:55.865517,2025-10-16 02:41:55.865528,2025-10-16 02:41:55.847945
755d9d7d-7ff4-4ff8-9aa6-c16128170cf5,person_315,109,135,141,223,"0.728949904441833",2025-10-16 02:41:56.964104,2025-10-16 02:41:56.964131,2025-10-16 02:41:56.954314
aa23723d-d380-41d8-8484-0b7947b9b146,person_316,375,151,400,233,"0.62979120016098",2025-10-16 02:42:18.230466,2025-10-16 02:42:18.23048,2025-10-16 02:42:18.220975
2bdfcc96-75aa-481a-be41-d96cedbdfe66,person_316,371,149,400,234,"0.660668075084686",2025-10-16 02:42:41.061794,2025-10-16 02:42:41.061805,2025-10-16 02:42:41.050671
80a85097-5e8d-4ae2-a5a6-1e49f5f5a570,person_316,374,149,401,232,"0.620762467384338",2025-10-16 02:42:16.952801,2025-10-16 02:42:16.952819,2025-10-16 02:42:16.949357
af0ce299-e2d5-45a5-ab46-c7634d5db6d4,person_316,374,150,401,234,"0.613461136817932",2025-10-16 02:42:39.867836,2025-10-16 02:42:39.867852,2025-10-16 02:42:39.851851
21864833-32fa-4c48-b911-c4fbe15ae844,person_316,374,148,399,231,"0.589928925037384",2025-10-16 02:42:14.774547,2025-10-16 02:42:14.774557,2025-10-16 02:42:14.762325
9463ef98-5e07-402f-8992-092d56bec8e5,person_316,371,149,400,234,"0.56303197145462",2025-10-16 02:42:38.70715,2025-10-16 02:42:38.707164,2025-10-16 02:42:38.69616
d29c1337-6ef2-428f-b882-2b8f81c0b85f,person_316,374,144,401,233,"0.543042421340942",2025-10-16 02:42:13.772341,2025-10-16 02:42:13.772363,2025-10-16 02:42:13.757255
ecf00aea-9886-4e99-8424-cc6e182fc872,person_316,374,154,399,230,"0.574264049530029",2025-10-16 02:42:46.944543,2025-10-16 02:42:46.944569,2025-10-16 02:42:46.93401
edb912be-4b82-4467-967c-86e7cc029780,person_316,373,144,397,231,"0.628142893314362",2025-10-16 02:42:12.570941,2025-10-16 02:42:12.570955,2025-10-16 02:42:12.561437
89eefb89-4ba6-469f-9b59-e8df01bf4ded,person_316,382,147,405,231,"0.500328600406647",2025-10-16 02:42:26.711291,2025-10-16 02:42:26.711301,2025-10-16 02:42:26.696426
281a62df-5e73-432f-a3c7-0419ab1366ee,person_316,371,144,404,230,"0.681354522705078",2025-10-16 02:42:50.578751,2025-10-16 02:42:50.578762,2025-10-16 02:42:50.560978
dc7c1cd3-b8a4-4660-b50a-729e6d62b8cf,person_316,371,146,404,235,"0.702294707298279",2025-10-16 02:42:37.41566,2025-10-16 02:42:37.41567,2025-10-16 02:42:37.406257
4d7dbce5-8412-4f17-a1d6-4c4dfdb9943e,person_316,349,136,385,256,"0.721659660339355",2025-10-16 02:41:56.838171,2025-10-16 02:41:56.838185,2025-10-16 02:41:56.834388
c55babf0-5c2f-4292-a73b-0c2e6c2b379b,person_316,383,148,404,231,"0.555263102054596",2025-10-16 02:42:36.32136,2025-10-16 02:42:36.321369,2025-10-16 02:42:36.312193
bb2dde7e-c8b2-488a-be5f-88b8f895040b,person_316,383,148,407,231,"0.586255431175232",2025-10-16 02:42:35.245272,2025-10-16 02:42:35.245283,2025-10-16 02:42:35.229681
f5f929a1-ac8d-435f-ab1b-4751cbc7ba9a,person_316,368,143,401,230,"0.592233061790466",2025-10-16 02:42:07.034974,2025-10-16 02:42:07.034984,2025-10-16 02:42:07.024379
bd4195dd-11ad-43ca-8cc9-b02cbfeb9fae,person_316,383,147,407,231,"0.582966148853302",2025-10-16 02:42:34.016621,2025-10-16 02:42:34.016632,2025-10-16 02:42:34.003436
8fbb589c-53ee-4ca8-a740-cd04bc229c28,person_316,383,150,406,231,"0.596805512905121",2025-10-16 02:42:32.000246,2025-10-16 02:42:32.00026,2025-10-16 02:42:31.987517
5179354a-f80f-48f7-9b6d-1fa1515394c0,person_316,383,148,406,232,"0.507655024528503",2025-10-16 02:42:30.895398,2025-10-16 02:42:30.895409,2025-10-16 02:42:30.884597
2ef8ecd6-6eb8-4e30-a24a-2aba6ca1e877,person_316,367,147,398,232,"0.561440050601959",2025-10-16 02:42:02.503253,2025-10-16 02:42:02.503263,2025-10-16 02:42:02.481366
"06edccf2-e4b5-4579-a8b3-881d4cc129e5",person_316,381,150,405,231,"0.571137607097626",2025-10-16 02:42:28.723296,2025-10-16 02:42:28.723306,2025-10-16 02:42:28.708987
f98c2bca-161c-49e2-8a14-b7de00e5ff9c,person_316,361,149,396,232,"0.573161423206329",2025-10-16 02:42:00.66016,2025-10-16 02:42:00.660171,2025-10-16 02:42:00.638583
216dbba2-7dfc-466c-9a2c-06b1a09cec70,person_316,371,146,404,230,"0.639138162136078",2025-10-16 02:42:49.439813,2025-10-16 02:42:49.43983,2025-10-16 02:42:49.429265
99fd03db-215f-41db-9154-9a9dfd0db214,person_316,380,147,408,232,"0.620148479938507",2025-10-16 02:42:22.378436,2025-10-16 02:42:22.378446,2025-10-16 02:42:22.369807
7806896d-cd64-440b-bbb7-2422daa5ab4a,person_316,369,146,402,231,"0.633213639259338",2025-10-16 02:42:09.198673,2025-10-16 02:42:09.198685,2025-10-16 02:42:09.182018
48c7855c-b941-4faf-9dfe-8bfef0f4ec49,person_316,368,144,397,233,"0.663007080554962",2025-10-16 02:42:45.849862,2025-10-16 02:42:45.849884,2025-10-16 02:42:45.836992
b9369a04-35fd-4feb-9bd9-fb269b1946c9,person_316,376,147,406,231,"0.50925225019455",2025-10-16 02:42:21.245546,2025-10-16 02:42:21.245558,2025-10-16 02:42:21.235003
c7c05cdf-fe8d-4bd4-bb89-0d9009f19127,person_316,374,144,405,230,"0.584131479263306",2025-10-16 02:42:48.056758,2025-10-16 02:42:48.05677,2025-10-16 02:42:48.045185
e905ddb2-1b11-4c5c-9645-e68b3e8a8795,person_316,375,153,400,232,"0.569965660572052",2025-10-16 02:42:20.218392,2025-10-16 02:42:20.218401,2025-10-16 02:42:20.208853
ee83cf5a-2626-4bdb-95ca-0fcb471d11c4,person_316,371,149,400,235,"0.62172532081604",2025-10-16 02:42:43.278986,2025-10-16 02:42:43.278997,2025-10-16 02:42:43.261045
b3594e4c-dc66-468b-b981-9f272746e405,person_317,79,130,106,209,"0.694371342658997",2025-10-16 02:41:58.837664,2025-10-16 02:41:58.837674,2025-10-16 02:41:58.827419
fca33ae0-e291-46ad-b868-aa9208bdb1ee,person_319,120,128,144,198,"0.502321660518646",2025-10-16 02:42:02.727126,2025-10-16 02:42:02.727136,2025-10-16 02:42:02.724116
f1dc9773-baf3-46fb-94df-00f63c124f19,person_32,55,135,72,187,"0.513996541500092",2025-10-16 02:33:24.142899,2025-10-16 02:33:24.142911,2025-10-16 02:33:24.126251
4de5a7cc-3ad5-4396-8340-f255e68f4dd1,person_32,65,144,85,214,"0.53435218334198",2025-10-16 02:33:26.745151,2025-10-16 02:33:26.745167,2025-10-16 02:33:26.74026
94a2cbce-0750-415f-b036-8b9f43e3b1d7,person_32,78,154,103,226,"0.639540016651154",2025-10-16 02:33:28.984518,2025-10-16 02:33:28.984528,2025-10-16 02:33:28.974044
c6ce70ae-69e9-4d8a-b2af-a47fe273cdd0,person_32,61,137,79,195,"0.571878254413605",2025-10-16 02:33:25.189922,2025-10-16 02:33:25.189932,2025-10-16 02:33:25.178861
879830ba-858d-450c-910f-9f6ba215d880,person_32,65,148,89,228,"0.583076000213623",2025-10-16 02:33:27.894788,2025-10-16 02:33:27.894799,2025-10-16 02:33:27.8828
191d0d25-b2b9-498d-879a-d4b5ee746891,person_321,146,142,181,226,"0.70428466796875",2025-10-16 02:42:05.30797,2025-10-16 02:42:05.307985,2025-10-16 02:42:05.304221
bc9f2998-babb-4183-a1df-977cf35ad1fc,person_322,170,152,202,254,"0.744198441505432",2025-10-16 02:42:07.151735,2025-10-16 02:42:07.151749,2025-10-16 02:42:07.148129
1f3ba3ca-4e0d-4992-8388-1eb8f6b1ce4e,person_34,207,137,235,236,"0.513091623783112",2025-10-16 02:33:26.50751,2025-10-16 02:33:26.507519,2025-10-16 02:33:26.479642
e34318cc-5950-4c70-90cd-48b84469126b,person_34,221,152,250,254,"0.593955934047699",2025-10-16 02:33:25.484858,2025-10-16 02:33:25.48487,2025-10-16 02:33:25.467092
6339179c-43af-4783-b63e-534d48506369,person_36,303,272,438,422,"0.7517049908638",2025-10-16 02:33:26.107953,2025-10-16 02:33:26.10797,2025-10-16 02:33:26.102129
529a6234-33f5-4fa4-860d-41ee88933707,person_37,289,152,324,228,"0.512771844863892",2025-10-16 02:33:33.780469,2025-10-16 02:33:33.780479,2025-10-16 02:33:33.77631
70fb2d65-a982-410c-9f56-ef8c4ee0ca24,person_37,345,169,371,229,"0.679921209812164",2025-10-16 02:33:36.875531,2025-10-16 02:33:36.875554,2025-10-16 02:33:36.871277
f3455d9f-52b0-4049-8237-301d0f8123de,person_37,284,141,317,230,"0.534411430358887",2025-10-16 02:33:31.28358,2025-10-16 02:33:31.283591,2025-10-16 02:33:31.279695
"0e18adcb-40da-41f5-9fc1-2da800ba53d1",person_37,286,136,326,225,"0.785024523735046",2025-10-16 02:33:27.760034,2025-10-16 02:33:27.76009,2025-10-16 02:33:27.743883
2c2a9b03-8c06-46ab-971b-1e1f6c63bf66,person_37,310,145,341,226,"0.736431896686554",2025-10-16 02:33:26.51284,2025-10-16 02:33:26.51285,2025-10-16 02:33:26.479669
5da718b7-91c0-4776-9540-153dbf849073,person_37,283,144,317,230,"0.629241824150085",2025-10-16 02:33:32.356518,2025-10-16 02:33:32.356553,2025-10-16 02:33:32.352515
e2c08743-2779-4e82-83b0-07776bda62ae,person_37,293,144,317,227,"0.599645674228668",2025-10-16 02:33:28.990346,2025-10-16 02:33:28.990357,2025-10-16 02:33:28.974049
d96a3cda-01b7-4788-b08d-3251eefe9268,person_37,304,170,341,230,"0.694331765174866",2025-10-16 02:33:34.859054,2025-10-16 02:33:34.859088,2025-10-16 02:33:34.855419
e6092a31-eec5-4a85-a241-41373ff93641,person_38,249,208,319,390,"0.723401010036469",2025-10-16 02:33:27.332368,2025-10-16 02:33:27.33238,2025-10-16 02:33:27.327691
f26004ab-227c-488d-bcc5-dcc8ec51949c,person_38,199,154,244,274,"0.835282266139984",2025-10-16 02:33:29.73434,2025-10-16 02:33:29.734351,2025-10-16 02:33:29.730859
9f022fd0-4656-4e7c-9643-511be2e71fe8,person_38,208,181,270,342,"0.755735039710999",2025-10-16 02:33:28.46606,2025-10-16 02:33:28.466071,2025-10-16 02:33:28.461064
4a179488-a3a6-4a54-a775-00b5d20b6609,person_38,187,148,221,256,"0.572158694267273",2025-10-16 02:33:31.296444,2025-10-16 02:33:31.296454,2025-10-16 02:33:31.279701
9e6249ca-8080-4420-8a6d-dbc8b4040ff6,person_39,174,136,205,228,"0.716499328613281",2025-10-16 02:33:27.343635,2025-10-16 02:33:27.343646,2025-10-16 02:33:27.327696
a329870f-6eb2-4bba-881a-1ef263bc9d54,person_4,313,144,352,224,"0.639948725700378",2025-10-16 02:33:15.294503,2025-10-16 02:33:15.294534,2025-10-16 02:33:15.290654
5c4025c7-4d1a-4817-a2dd-0ade1935792e,person_4,332,144,359,228,"0.693389475345612",2025-10-16 02:32:59.311653,2025-10-16 02:32:59.311668,2025-10-16 02:32:59.307574
e8056dd1-7387-4f7a-9bb3-3003b3e86dee,person_4,321,141,350,224,"0.579896152019501",2025-10-16 02:33:10.870222,2025-10-16 02:33:10.870236,2025-10-16 02:33:10.865994
481fa60a-5a04-4134-9938-5d7f105e58d4,person_4,316,142,353,224,"0.660585880279541",2025-10-16 02:33:09.631912,2025-10-16 02:33:09.631926,2025-10-16 02:33:09.627861
53e23a1e-80ba-4b98-b8e2-f8b71364662d,person_4,325,145,361,227,"0.550609171390533",2025-10-16 02:33:08.589477,2025-10-16 02:33:08.589497,2025-10-16 02:33:08.58537
33fdd6ed-2de5-4bcc-b8e8-62a22109505d,person_4,323,145,348,226,"0.582565546035767",2025-10-16 02:33:07.404724,2025-10-16 02:33:07.404745,2025-10-16 02:33:07.401136
eb32feca-bfc6-4c83-b8e3-9a2d8318a325,person_4,315,138,352,224,"0.79801881313324",2025-10-16 02:33:12.017661,2025-10-16 02:33:12.017682,2025-10-16 02:33:12.014041
e9535603-15a0-4471-b016-de1aad391932,person_4,325,141,351,223,"0.584745168685913",2025-10-16 02:33:13.065185,2025-10-16 02:33:13.065199,2025-10-16 02:33:13.061292
"0547f2c4-c3de-40b5-ac66-30fead98e174",person_4,321,143,350,227,"0.654525101184845",2025-10-16 02:33:06.196245,2025-10-16 02:33:06.196256,2025-10-16 02:33:06.192609
4050d8c5-eb7b-48d2-a9e1-cefc7cf226ef,person_4,313,142,352,225,"0.618964433670044",2025-10-16 02:33:22.798514,2025-10-16 02:33:22.798528,2025-10-16 02:33:22.787004
149a68a7-aa20-404a-852d-ea0d284088d5,person_4,319,144,352,228,"0.648414254188538",2025-10-16 02:33:04.992578,2025-10-16 02:33:04.992594,2025-10-16 02:33:04.988879
c3ed563f-127b-4d85-92c6-1226c83713cc,person_4,315,141,353,226,"0.720974504947662",2025-10-16 02:33:21.617625,2025-10-16 02:33:21.617654,2025-10-16 02:33:21.60037
9a522e98-8382-4f7e-aff7-f0a1598e1eab,person_4,321,142,354,228,"0.702062010765076",2025-10-16 02:33:03.80293,2025-10-16 02:33:03.802962,2025-10-16 02:33:03.796974
9d5dcdf1-5bc8-4019-a531-d2b03c36c33a,person_4,326,144,361,224,"0.574820816516876",2025-10-16 02:33:19.716294,2025-10-16 02:33:19.716308,2025-10-16 02:33:19.712836
5030b09f-8391-4db7-91c3-5d63c7e9128b,person_4,321,140,353,228,"0.719182014465332",2025-10-16 02:33:02.697917,2025-10-16 02:33:02.697936,2025-10-16 02:33:02.691881
b228ceb1-6145-4935-b8fa-1ffd5f406bd0,person_4,332,145,356,229,"0.778563380241394",2025-10-16 02:33:01.502668,2025-10-16 02:33:01.502682,2025-10-16 02:33:01.498783
4c149877-f828-4cb7-9c23-67a0d74bf830,person_4,332,143,362,224,"0.538816332817078",2025-10-16 02:33:18.651763,2025-10-16 02:33:18.651779,2025-10-16 02:33:18.648319
1ac474a1-2a37-4108-a996-b34068ff49b0,person_4,330,145,363,226,"0.613436281681061",2025-10-16 02:33:17.486747,2025-10-16 02:33:17.486759,2025-10-16 02:33:17.482652
"0aa66b6c-5b24-4796-beda-92b9860a566c",person_4,319,145,358,230,"0.544124066829681",2025-10-16 02:33:00.346242,2025-10-16 02:33:00.346256,2025-10-16 02:33:00.342602
43a7e279-6351-493b-b379-1bced345bd45,person_4,332,143,360,228,"0.661869704723358",2025-10-16 02:32:57.965986,2025-10-16 02:32:57.966,2025-10-16 02:32:57.905962
bb446635-8257-437c-9d45-c88082967b44,person_4,326,147,362,226,"0.539299130439758",2025-10-16 02:33:16.432251,2025-10-16 02:33:16.432269,2025-10-16 02:33:16.428566
4737b824-371b-427d-a5cc-8487982c9924,person_4,323,146,351,224,"0.540259599685669",2025-10-16 02:33:14.067998,2025-10-16 02:33:14.068012,2025-10-16 02:33:14.064391
98715e96-43e6-4cfb-93e2-01ab748aaa15,person_40,158,212,230,409,"0.834896862506866",2025-10-16 02:33:28.471881,2025-10-16 02:33:28.47189,2025-10-16 02:33:28.461074
3dd8941c-6605-425d-925a-edfdf7c11daa,person_42,117,113,165,256,"0.597551643848419",2025-10-16 02:33:30.712892,2025-10-16 02:33:30.712914,2025-10-16 02:33:30.708033
cc467fdd-fd7a-4618-b3f1-7c3a8f48bfb0,person_43,80,130,102,201,"0.553097188472748",2025-10-16 02:33:36.883505,2025-10-16 02:33:36.883521,2025-10-16 02:33:36.871281
8e093837-73ed-4a72-bd5d-c8a1345d808b,person_43,153,169,193,274,"0.742926001548767",2025-10-16 02:33:31.414538,2025-10-16 02:33:31.414553,2025-10-16 02:33:31.410804
1504ece6-b137-481f-9bde-5665f3272e4b,person_43,125,127,163,233,"0.581694066524506",2025-10-16 02:33:32.922784,2025-10-16 02:33:32.922798,2025-10-16 02:33:32.918835
b14ed68e-0dd5-40bf-9068-c0c895630996,person_43,101,140,129,223,"0.662113547325134",2025-10-16 02:33:34.020791,2025-10-16 02:33:34.020802,2025-10-16 02:33:34.01668
490d0efe-5ba4-4a93-94fe-d9a312fa2112,person_43,87,138,110,210,"0.560076892375946",2025-10-16 02:33:35.4337,2025-10-16 02:33:35.433716,2025-10-16 02:33:35.429972
"01a1aba8-f81f-4b75-b3f1-89c33d4f04e2",person_47,267,154,326,297,"0.72153514623642",2025-10-16 02:33:33.034712,2025-10-16 02:33:33.034727,2025-10-16 02:33:33.031493
c9af7d5a-b84f-418b-bfb0-0ab5f20595ca,person_48,347,185,383,306,"0.652985572814941",2025-10-16 02:33:33.904747,2025-10-16 02:33:33.904761,2025-10-16 02:33:33.900303
4f4ccf39-28a5-4b6c-ac38-efc9af7a4f59,person_49,50,140,81,220,"0.721618711948395",2025-10-16 02:33:35.445479,2025-10-16 02:33:35.44549,2025-10-16 02:33:35.429981
44363e3b-4d36-4bdc-8fae-8b54062cef36,person_49,53,146,90,235,"0.72002249956131",2025-10-16 02:33:34.027403,2025-10-16 02:33:34.027413,2025-10-16 02:33:34.016706
ecb97d00-3fdc-4834-a277-a4199ec27be1,person_52,129,121,143,160,"0.586644768714905",2025-10-16 02:33:36.083013,2025-10-16 02:33:36.083024,2025-10-16 02:33:36.072095
116e8184-fcc4-479a-a820-d57b08db5cb6,person_53,338,142,373,232,"0.658217191696167",2025-10-16 02:34:46.974306,2025-10-16 02:34:46.974316,2025-10-16 02:34:46.964686
104f65f4-29df-4c6c-83d2-f4f9a5bded8f,person_53,362,148,392,231,"0.739393889904022",2025-10-16 02:33:37.672251,2025-10-16 02:33:37.672267,2025-10-16 02:33:37.668473
72b83793-b4e4-4c85-8f69-6cfa1a1fb476,person_53,371,145,401,232,"0.63193154335022",2025-10-16 02:33:39.016119,2025-10-16 02:33:39.016129,2025-10-16 02:33:39.006392
99654b44-e9a3-48dc-a6ec-1e4248116731,person_53,367,148,404,231,"0.667608737945557",2025-10-16 02:33:40.643458,2025-10-16 02:33:40.643468,2025-10-16 02:33:40.628493
98e9d996-b407-4b02-a920-379bb2644e73,person_53,361,156,385,232,"0.68122386932373",2025-10-16 02:33:42.979845,2025-10-16 02:33:42.979878,2025-10-16 02:33:42.96763
"04a6b969-7996-47b0-b31b-84239bb84b06",person_53,345,147,383,234,"0.733116269111633",2025-10-16 02:33:44.965159,2025-10-16 02:33:44.965169,2025-10-16 02:33:44.949863
12bd6e47-a1b6-4b0f-8d77-8c8b79a54615,person_53,345,147,382,234,"0.833327531814575",2025-10-16 02:33:45.99465,2025-10-16 02:33:45.994665,2025-10-16 02:33:45.98308
4109fdd8-fa22-4984-b90e-654e6a46bd46,person_53,347,146,381,233,"0.841044843196869",2025-10-16 02:33:47.963063,2025-10-16 02:33:47.963072,2025-10-16 02:33:47.954118
9d8790ca-7ad5-4557-aa23-104a34bcc267,person_53,347,145,382,234,"0.746225118637085",2025-10-16 02:33:48.968155,2025-10-16 02:33:48.968165,2025-10-16 02:33:48.957459
4da8d854-9186-483e-9e3e-31f1efec362d,person_53,347,146,381,234,"0.824972212314606",2025-10-16 02:33:49.985695,2025-10-16 02:33:49.985718,2025-10-16 02:33:49.967016
b100f84c-8c11-4803-afa3-0f3e3daa5b49,person_53,336,144,369,231,"0.669282674789429",2025-10-16 02:34:34.183291,2025-10-16 02:34:34.183302,2025-10-16 02:34:34.168124
1d99a64d-1a19-4e39-86b4-52e68427fb68,person_53,336,142,371,231,"0.649341106414795",2025-10-16 02:34:35.33723,2025-10-16 02:34:35.33724,2025-10-16 02:34:35.320453
"04fd11de-7fd3-4102-9a6f-04d223acbe0f",person_53,326,140,364,230,"0.532887935638428",2025-10-16 02:34:36.748716,2025-10-16 02:34:36.748731,2025-10-16 02:34:36.745175
92e7a259-8fc6-42ee-bb8e-35df326e0e84,person_53,333,142,365,230,"0.681659817695618",2025-10-16 02:34:37.910745,2025-10-16 02:34:37.910756,2025-10-16 02:34:37.894541
298577f2-d317-4e05-b32e-f26055ce4d37,person_53,332,145,362,229,"0.552510857582092",2025-10-16 02:34:40.963134,2025-10-16 02:34:40.96315,2025-10-16 02:34:40.959477
"07248521-a8a6-4e09-840f-b21deeff189a",person_53,333,141,372,232,"0.720076203346252",2025-10-16 02:34:42.970779,2025-10-16 02:34:42.970789,2025-10-16 02:34:42.961175
4a79ce63-6fd3-4771-8df7-c8ee0316db9b,person_53,337,144,373,232,"0.715767681598663",2025-10-16 02:34:44.988976,2025-10-16 02:34:44.988988,2025-10-16 02:34:44.973498
58f60914-a570-4a47-9d27-c0e2d22cd985,person_53,330,140,363,226,"0.625447869300842",2025-10-16 02:35:12.411474,2025-10-16 02:35:12.411484,2025-10-16 02:35:12.401322
a2491e3d-d434-4e51-bdfc-cec72b5e0467,person_53,344,143,373,231,"0.59980183839798",2025-10-16 02:34:48.969424,2025-10-16 02:34:48.969433,2025-10-16 02:34:48.960637
68697e5b-78e8-47a3-91d0-e1e5efb4b5b0,person_53,344,143,374,231,"0.581404268741608",2025-10-16 02:34:50.01427,2025-10-16 02:34:50.014291,2025-10-16 02:34:50.000516
499557fa-9692-4007-82d7-d591f2aeccc4,person_53,340,143,366,231,"0.508719742298126",2025-10-16 02:34:52.99701,2025-10-16 02:34:52.99702,2025-10-16 02:34:52.981013
8b813fce-5255-4d3a-8a81-4929596cb4e4,person_53,341,144,374,231,"0.581814885139465",2025-10-16 02:34:56.003313,2025-10-16 02:34:56.003324,2025-10-16 02:34:55.984309
74fe091c-d9e3-4394-ad0b-d1d7912c2a37,person_53,344,143,382,231,"0.831792175769806",2025-10-16 02:34:57.963879,2025-10-16 02:34:57.963893,2025-10-16 02:34:57.953889
8310e776-e3ea-47ba-9848-a95a16264cdc,person_53,344,145,374,231,"0.631449162960052",2025-10-16 02:34:58.987073,2025-10-16 02:34:58.987091,2025-10-16 02:34:58.974581
faf94c49-a0fd-4d81-9540-49b90f698d32,person_53,336,141,374,231,"0.753793001174927",2025-10-16 02:35:00.98315,2025-10-16 02:35:00.98316,2025-10-16 02:35:00.966591
4837b140-08a5-4e94-a4fb-3d583b718179,person_53,347,143,374,229,"0.584449291229248",2025-10-16 02:35:02.997018,2025-10-16 02:35:02.997028,2025-10-16 02:35:02.98073
8d06fef6-fba7-4624-a1fd-91e502dacc8d,person_53,338,142,373,230,"0.722415447235107",2025-10-16 02:35:04.968957,2025-10-16 02:35:04.968975,2025-10-16 02:35:04.952107
"0905c664-38a2-4e27-b75b-71b166944dfe",person_53,339,144,366,230,"0.571793437004089",2025-10-16 02:35:05.972415,2025-10-16 02:35:05.972428,2025-10-16 02:35:05.961151
acfa534b-5587-4a62-a6c6-d1bd180dc998,person_53,341,144,365,230,"0.514049589633942",2025-10-16 02:35:07.373024,2025-10-16 02:35:07.373035,2025-10-16 02:35:07.35717
972b3949-a39b-4859-9077-ef619208ff87,person_53,328,140,367,230,"0.826263070106506",2025-10-16 02:35:11.027727,2025-10-16 02:35:11.027747,2025-10-16 02:35:11.015467
5ef1c4ef-f178-4127-9104-f33ab6fb0956,person_53,353,142,379,227,"0.513584494590759",2025-10-16 02:35:22.98987,2025-10-16 02:35:22.989888,2025-10-16 02:35:22.98552
950f42b5-2d8e-44cf-b0cd-a741433e1abd,person_53,345,142,374,224,"0.640725672245026",2025-10-16 02:35:21.153713,2025-10-16 02:35:21.153724,2025-10-16 02:35:21.138896
bf496a34-ba38-4017-86a8-d0af4bd72532,person_53,345,149,374,222,"0.588100612163544",2025-10-16 02:35:19.583667,2025-10-16 02:35:19.583678,2025-10-16 02:35:19.565334
60f0493d-84b3-4340-ac57-39ee3ae045e1,person_53,344,141,378,224,"0.602949917316437",2025-10-16 02:35:18.035275,2025-10-16 02:35:18.035291,2025-10-16 02:35:18.031601
a7f7e619-07ac-4cbf-897c-de65eb5cc687,person_53,342,145,368,223,"0.704570531845093",2025-10-16 02:35:16.582104,2025-10-16 02:35:16.582114,2025-10-16 02:35:16.572492
fd2c59be-1ebd-4d64-9df9-009a59e3e2af,person_53,340,151,366,223,"0.732932865619659",2025-10-16 02:35:13.81917,2025-10-16 02:35:13.819182,2025-10-16 02:35:13.806975
8ef4e19e-f3f7-4d9a-9fde-00fffb6aee9c,person_53,346,148,381,234,"0.816589534282684",2025-10-16 02:33:52.964343,2025-10-16 02:33:52.964354,2025-10-16 02:33:52.952097
"05d92650-aab6-44e9-bd32-9bc6ec0b51e2",person_53,347,146,379,232,"0.695375680923462",2025-10-16 02:33:53.970967,2025-10-16 02:33:53.970994,2025-10-16 02:33:53.957278
c8ffd544-8efc-4c87-8f09-317522c6cad9,person_53,346,144,382,234,"0.849155426025391",2025-10-16 02:33:54.97449,2025-10-16 02:33:54.974506,2025-10-16 02:33:54.963662
ca2d35e1-f22a-4126-9286-c3a166bd343b,person_53,368,156,397,235,"0.593898296356201",2025-10-16 02:33:56.946797,2025-10-16 02:33:56.946809,2025-10-16 02:33:56.944191
9cc14a22-1fe1-4486-ab7e-539a760c2f26,person_53,380,152,416,240,"0.67640084028244",2025-10-16 02:33:59.96338,2025-10-16 02:33:59.963396,2025-10-16 02:33:59.960229
a99469bd-192e-4e25-b670-11c466cad586,person_53,367,151,396,237,"0.749115705490112",2025-10-16 02:34:00.97326,2025-10-16 02:34:00.973274,2025-10-16 02:34:00.963663
695dadd3-decb-4e6b-94e1-4308757e9396,person_53,340,139,371,233,"0.750413477420807",2025-10-16 02:34:02.973692,2025-10-16 02:34:02.973703,2025-10-16 02:34:02.957566
24bed9ce-54af-40c8-afba-3a0a8227b774,person_53,336,143,364,234,"0.689575910568237",2025-10-16 02:34:04.010974,2025-10-16 02:34:04.010995,2025-10-16 02:34:04.001935
d4b8fcef-d159-42c0-bb1d-2bf114a29862,person_53,336,144,368,234,"0.519507467746735",2025-10-16 02:34:05.49801,2025-10-16 02:34:05.49802,2025-10-16 02:34:05.48279
8cd81f2e-5c03-414c-88b1-b3d7cc90d172,person_53,336,141,363,234,"0.590820610523224",2025-10-16 02:34:06.564125,2025-10-16 02:34:06.564191,2025-10-16 02:34:06.547348
4110cbd1-4e1d-4809-8cd0-15eae486922c,person_53,339,146,367,232,"0.749996542930603",2025-10-16 02:34:07.589718,2025-10-16 02:34:07.589729,2025-10-16 02:34:07.579388
2885a828-d1aa-4576-a60d-808910499855,person_53,351,140,379,232,"0.672027885913849",2025-10-16 02:34:08.655664,2025-10-16 02:34:08.655675,2025-10-16 02:34:08.64529
98ec2611-8d9b-45ab-b1ba-5ee5a82126f5,person_53,341,144,379,229,"0.595381140708923",2025-10-16 02:34:09.871206,2025-10-16 02:34:09.871217,2025-10-16 02:34:09.852413
cbd6dfd9-eb2e-4887-88a7-50d870767b24,person_53,341,146,373,230,"0.793270111083984",2025-10-16 02:34:11.280846,2025-10-16 02:34:11.280858,2025-10-16 02:34:11.264808
386cf241-a0f9-4c35-9b94-b618d94eb0a2,person_53,340,145,370,229,"0.771018326282501",2025-10-16 02:34:13.010472,2025-10-16 02:34:13.010483,2025-10-16 02:34:13.007305
e1987ef5-7bd7-407e-ad08-6da6c6150e2c,person_53,339,142,371,230,"0.5567267537117",2025-10-16 02:34:14.489032,2025-10-16 02:34:14.489046,2025-10-16 02:34:14.485557
31b1d227-6f2c-4b16-b28d-a4ed56e1376b,person_53,340,145,368,187,"0.598287761211395",2025-10-16 02:34:15.976945,2025-10-16 02:34:15.976959,2025-10-16 02:34:15.973693
cf040d30-ed13-420f-a8d4-577bbbd414cd,person_53,337,143,370,230,"0.834242284297943",2025-10-16 02:34:17.066755,2025-10-16 02:34:17.066765,2025-10-16 02:34:17.057328
96af1962-4d67-4b19-92e1-6d8104bc40c1,person_53,340,149,371,229,"0.61058235168457",2025-10-16 02:34:18.827419,2025-10-16 02:34:18.82743,2025-10-16 02:34:18.815552
18fd49e6-e7e3-49d9-855b-7c8d039f55ce,person_53,348,151,383,230,"0.741413056850433",2025-10-16 02:34:21.43792,2025-10-16 02:34:21.437931,2025-10-16 02:34:21.422537
9d606d80-7697-4ad0-bcb8-a35f712734df,person_53,346,149,373,230,"0.66843968629837",2025-10-16 02:34:22.605363,2025-10-16 02:34:22.605375,2025-10-16 02:34:22.58909
af7b07af-4c49-4aac-972c-946916c47332,person_53,342,152,374,230,"0.595054745674133",2025-10-16 02:34:23.897297,2025-10-16 02:34:23.897308,2025-10-16 02:34:23.885791
6aece1c3-a7ac-4481-919a-582fe2e815e0,person_53,343,142,369,230,"0.735960006713867",2025-10-16 02:34:24.967918,2025-10-16 02:34:24.967929,2025-10-16 02:34:24.951449
91086ab3-4507-4fb1-afd1-e2ddd7ba8db0,person_53,337,142,367,228,"0.681296467781067",2025-10-16 02:34:26.08988,2025-10-16 02:34:26.089923,2025-10-16 02:34:26.079603
50789ff3-8c85-4a22-bfe4-b395678b6d21,person_53,335,142,365,227,"0.694433152675629",2025-10-16 02:34:27.218686,2025-10-16 02:34:27.218696,2025-10-16 02:34:27.208833
de41b0d8-11de-4fdf-97a4-c7323fd73033,person_53,334,143,367,230,"0.728591680526733",2025-10-16 02:34:28.292727,2025-10-16 02:34:28.292743,2025-10-16 02:34:28.28062
4a7ef156-b174-4d14-b627-4f4cdc6015d1,person_53,332,144,364,230,"0.662510871887207",2025-10-16 02:34:29.40873,2025-10-16 02:34:29.40874,2025-10-16 02:34:29.398992
c3536c10-1d5c-4ab8-88e1-263fdb683036,person_53,335,139,367,230,"0.703400790691376",2025-10-16 02:34:30.610786,2025-10-16 02:34:30.6108,2025-10-16 02:34:30.599178
b107e76b-baf6-4b4b-8f69-a6c2fbddb097,person_53,334,140,365,229,"0.612203776836395",2025-10-16 02:34:31.863036,2025-10-16 02:34:31.863048,2025-10-16 02:34:31.848783
8a6a6c78-d904-4a88-8a8a-5a8cf0eac20b,person_53,334,139,369,229,"0.687797129154205",2025-10-16 02:34:33.024667,2025-10-16 02:34:33.024677,2025-10-16 02:34:33.01288
c7ccca81-d370-4fdc-a5ef-8fd36eda2b78,person_60,233,145,267,237,"0.777337849140167",2025-10-16 02:33:49.993003,2025-10-16 02:33:49.993014,2025-10-16 02:33:49.967039
4840f8b8-9899-48ee-a36b-a76b52c96915,person_65,10,197,67,344,"0.664585590362549",2025-10-16 02:34:16.199406,2025-10-16 02:34:16.199421,2025-10-16 02:34:16.195708
59dbaa9e-a390-453f-b870-e85db978e3bc,person_66,0,232,68,402,"0.57183712720871",2025-10-16 02:34:22.610651,2025-10-16 02:34:22.61066,2025-10-16 02:34:22.589097
e4fe23ba-6537-4dfd-b592-9759d7e96f89,person_67,123,116,139,164,"0.587221562862396",2025-10-16 02:34:24.006734,2025-10-16 02:34:24.00675,2025-10-16 02:34:24.002424
2951180b-557e-4ab3-abac-6dfabcead16b,person_67,121,117,136,162,"0.648061215877533",2025-10-16 02:34:25.660939,2025-10-16 02:34:25.66096,2025-10-16 02:34:25.657056
c448edc4-cadb-4c72-8ce6-c0756d987513,person_67,123,116,138,163,"0.516478180885315",2025-10-16 02:34:27.328046,2025-10-16 02:34:27.328059,2025-10-16 02:34:27.323275
b5e0a96b-00a8-422d-9928-9a5bbc0a4c82,person_69,71,139,93,199,"0.654621422290802",2025-10-16 02:34:30.73569,2025-10-16 02:34:30.735704,2025-10-16 02:34:30.731928
123512fe-57b6-4365-a7d1-b379e29ad12d,person_69,75,140,99,205,"0.799560964107513",2025-10-16 02:34:31.869452,2025-10-16 02:34:31.869471,2025-10-16 02:34:31.848793
"0856d864-3e39-4a43-8c95-9c5c64debffe",person_69,82,140,105,211,"0.835355639457703",2025-10-16 02:34:33.03021,2025-10-16 02:34:33.030222,2025-10-16 02:34:33.012888
501664d8-0c30-4014-9331-ecf77cbe6e54,person_69,62,134,80,186,"0.692875683307648",2025-10-16 02:34:28.299021,2025-10-16 02:34:28.299032,2025-10-16 02:34:28.28063
2473b90f-13eb-4ee3-8190-54a4df88111e,person_69,57,133,71,177,"0.663204491138458",2025-10-16 02:34:26.096377,2025-10-16 02:34:26.096396,2025-10-16 02:34:26.07962
fb40a9f6-c0f5-471b-bca9-d773e7865762,person_69,65,135,84,191,"0.645856499671936",2025-10-16 02:34:29.414159,2025-10-16 02:34:29.41417,2025-10-16 02:34:29.399008
36bcaae5-2c92-49cc-b5e8-7a5029494880,person_69,58,134,74,181,"0.574178457260132",2025-10-16 02:34:27.223774,2025-10-16 02:34:27.223784,2025-10-16 02:34:27.208843
9a292816-159a-4a24-b341-02c51e1db976,person_71,117,150,147,228,"0.76745879650116",2025-10-16 02:34:34.303684,2025-10-16 02:34:34.303695,2025-10-16 02:34:34.300131
a8651695-df36-4d98-ba45-2344b4fb34ee,person_71,128,149,155,237,"0.79116016626358",2025-10-16 02:34:35.344042,2025-10-16 02:34:35.344053,2025-10-16 02:34:35.320467
c07e39a2-f867-4b96-9c1b-a7ea51797c60,person_72,147,155,176,243,"0.818118333816528",2025-10-16 02:34:35.655608,2025-10-16 02:34:35.655621,2025-10-16 02:34:35.651437
55ca9e60-913f-4552-aaf3-555cdb54dfc1,person_73,189,162,219,250,"0.70213258266449",2025-10-16 02:34:36.755694,2025-10-16 02:34:36.755706,2025-10-16 02:34:36.745188
85cbe5d0-8e3d-4f2c-ad17-e1b8644bc7b8,person_74,240,169,275,288,"0.783926665782928",2025-10-16 02:34:38.028221,2025-10-16 02:34:38.028232,2025-10-16 02:34:38.024647
30beaeca-b38b-4dda-84be-00aa8b6bdd63,person_8,102,216,161,333,"0.549438893795013",2025-10-16 02:33:07.791123,2025-10-16 02:33:07.791138,2025-10-16 02:33:07.786955
9be230c6-5239-4d81-af7f-978e027ceeca,person_82,180,164,236,290,"0.799603223800659",2025-10-16 02:34:50.021518,2025-10-16 02:34:50.021532,2025-10-16 02:34:50.000537
37a04cc3-741f-471b-92f5-0f2a6274396f,person_9,73,118,87,164,"0.542747735977173",2025-10-16 02:33:13.071754,2025-10-16 02:33:13.071764,2025-10-16 02:33:13.0613
87457d60-9eab-4c5c-8570-0d79fcef2a6d,person_9,75,119,89,166,"0.523824095726013",2025-10-16 02:33:11.794157,2025-10-16 02:33:11.794174,2025-10-16 02:33:11.790606
6e490f42-2549-4018-9332-017e635c1cbf,person_96,88,150,122,236,"0.676349282264709",2025-10-16 02:35:07.38217,2025-10-16 02:35:07.382192,2025-10-16 02:35:07.35719
93a664ac-96b1-497c-9593-a9fad6ed83d3,person_97,40,133,68,217,"0.653312385082245",2025-10-16 02:35:11.03472,2025-10-16 02:35:11.034731,2025-10-16 02:35:11.015476
949b4f6a-95fc-4ebf-8ee2-6ffa0d1abd1b,person_97,48,140,77,223,"0.664610385894775",2025-10-16 02:35:09.989212,2025-10-16 02:35:09.989226,2025-10-16 02:35:09.98597
87f878d9-106a-48b4-ab22-bd331b8cb105,person_98,117,119,134,173,"0.528142929077148",2025-10-16 02:35:12.539044,2025-10-16 02:35:12.539057,2025-10-16 02:35:12.535641
